aircraft_registration,aircraft_type_code,manufacturer,model,manufacture_year,operator_code,engine_type,engine_count,max_seating_capacity,aircraft_category,is_active,created_at
LR-XMH,A321,Airbus,A321-200,2001,WAI,TURBOFAN,2,198,NARROW_BODY,1,2026-01-19 22:33:22
EC-WCJ,B789,Boeing,787-9,1999,KIU,TURBOFAN,2,278,WIDE_BODY,1,2026-01-29 05:58:47
MX-HUP,A320,Airbus,A320-200,2010,RVT,TURBOFAN,2,152,NARROW_BODY,1,2026-02-10 19:46:03
N19342WJ,A319,Airbus,A319,2004,ZC,TURBOFAN,2,134,NARROW_BODY,1,2026-01-25 01:44:00
TF-RRK,A333,Airbus,A330-300,2019,QO,TURBOFAN,2,265,WIDE_BODY,1,2026-02-16 18:54:37
PH-QJR,A321,Airbus,A321-200,2009,ZN,TURBOFAN,2,205,NARROW_BODY,1,2026-01-18 20:19:46
DY-HMC,E190,Embraer,E190,2015,NJ,TURBOFAN,2,108,REGIONAL,1,2026-01-22 05:45:25
KY-AJL,A320,Airbus,A320-200,2018,NJ,TURBOFAN,2,146,NARROW_BODY,0,2026-01-30 15:09:02
VH-WLR,A320,Airbus,A320-200,2022,IW,TURBOFAN,2,141,NARROW_BODY,1,2026-02-01 06:33:38
F-FWID,B737,Boeing,737-700,2013,CFR,TURBOFAN,2,134,NARROW_BODY,1,2026-02-10 10:33:11
JU-PAG,CRJ7,Bombardier,CRJ700,1991,FU,TURBOFAN,2,74,REGIONAL,1,2026-01-26 16:50:54
XA-UWN,B739,Boeing,737-900ER,2000,RME,TURBOFAN,2,183,NARROW_BODY,0,2026-01-28 23:12:32
G-DDQP,B739,Boeing,737-900ER,2019,HE,TURBOFAN,2,213,NARROW_BODY,1,2026-01-23 22:07:02
N84848K,CRJ9,Bombardier,CRJ900,1991,DU,TURBOFAN,2,81,REGIONAL,1,2026-02-10 01:17:22
N8555R,A332,Airbus,A330-200,2007,DU,TURBOFAN,2,295,WIDE_BODY,1,2026-02-14 23:11:16
N835,B789,Boeing,787-9,2021,LP,TURBOFAN,2,311,WIDE_BODY,1,2026-01-21 05:33:16
D-VGES,A320,Airbus,A320-200,2005,FN,TURBOFAN,2,162,NARROW_BODY,1,2026-02-10 12:13:36
N341S,A320,Airbus,A320-200,2022,DU,TURBOFAN,2,178,NARROW_BODY,1,2026-02-14 21:49:59
PK-FNI,A332,Airbus,A330-200,1990,NJ,TURBOFAN,2,277,WIDE_BODY,1,2026-02-15 06:12:42
N2144,B739,Boeing,737-900ER,2011,DU,TURBOFAN,2,,NARROW_BODY,1,2026-01-31 06:29:32
OO-SKC,CRJ7,Bombardier,CRJ700,1990,VYS,TURBOFAN,2,68,REGIONAL,1,2026-01-30 21:32:16
II-IEN,B738,Boeing,737-800,1993,XB,TURBOFAN,2,166,NARROW_BODY,1,2026-02-10 07:03:20
N964TL,B772,Boeing,777-200,2017,OSN,TURBOFAN,2,340,WIDE_BODY,0,2026-02-01 18:33:43
HB-NIL,A319,Airbus,A319,1998,UH,TURBOFAN,2,142,NARROW_BODY,1,2026-02-13 01:55:26
D-LVQI,B737,Boeing,737-700,2002,FN,TURBOFAN,2,127,NARROW_BODY,1,2026-01-31 18:59:34
VH-NPJ,C208,Cessna,208 Caravan,2012,GMY,TURBOPROP,1,11,GA,1,2026-02-14 22:07:00
SR-XWI,B772,Boeing,777-200,2013,IS,TURBOFAN,2,319,WIDE_BODY,0,2026-01-29 10:27:46
G-DSYZ,E195,Embraer,E195,2014,ANL,TURBOFAN,2,120,REGIONAL,1,2026-01-23 18:41:41
FD-CVC,CRJ7,Bombardier,CRJ700,2024,NJ,TURBOFAN,2,74,REGIONAL,1,2026-02-01 02:46:04
C-QXSB,A320,Airbus,A320-200,2011,IH,TURBOFAN,2,155,NARROW_BODY,0,2026-01-18 19:43:54
N9165M,E190,Embraer,E190,2006,DU,TURBOFAN,2,112,REGIONAL,1,2026-02-09 14:18:55
N97510,B738,Boeing,737-800,2008,IKQ,TURBOFAN,2,164,NARROW_BODY,1,2026-02-13 00:16:22
XA-NGZ,A320,Airbus,A320-200,2000,RME,TURBOFAN,2,160,NARROW_BODY,1,2026-02-01 04:29:07
SL-ACG,B772,Boeing,777-200,2016,MO,TURBOFAN,2,338,WIDE_BODY,1,2026-02-12 01:35:05
BV-MNQ,B738,Boeing,737-800,2024,WAI,TURBOFAN,2,164,NARROW_BODY,1,2026-02-17 09:18:15
VH-BNN,B788,Boeing,787-8,2021,GMY,TURBOFAN,2,,WIDE_BODY,1,2026-02-15 08:24:20
TQ-UTI,CRJ9,Bombardier,CRJ900,1993,HRF,TURBOFAN,2,81,REGIONAL,1,2026-01-25 21:48:07
D-AFUX,B737,Boeing,737-700,2004,FN,TURBOFAN,2,142,NARROW_BODY,1,2026-01-22 02:27:01
XA-RHU,B739,Boeing,737-900ER,2006,RME,TURBOFAN,2,208,NARROW_BODY,1,2026-01-29 16:39:11
XA-CLL,B772,Boeing,777-200,2011,BU,TURBOFAN,2,318,WIDE_BODY,1,2026-02-13 13:50:23
LS-XPL,C172,Cessna,172 Skyhawk,2013,NJ,PISTON,1,2,GA,1,2026-01-28 17:51:27
UA-BUJ,A320,Airbus,A320-200,2009,RVT,TURBOFAN,2,142,NARROW_BODY,1,2026-01-26 14:55:44
QG-CTM,PA28,Piper,PA-28 Cherokee,2017,NJ,PISTON,1,3,GA,1,2026-02-07 01:08:03
LX-LCR,E175,Embraer,E175,2018,FO,TURBOFAN,2,86,REGIONAL,1,2026-02-14 07:28:02
G-EJFZ,B737,Boeing,737-700,2016,RYD,TURBOFAN,2,141,NARROW_BODY,1,2026-01-21 13:38:42
XA-KSM,CRJ7,Bombardier,CRJ700,2006,RME,TURBOFAN,2,75,REGIONAL,1,2026-02-02 01:45:46
N57158,B77W,Boeing,777-300ER,2003,DU,TURBOFAN,2,360,WIDE_BODY,1,2026-02-06 12:26:06
OD-HNN,E190,Embraer,E190,1994,WAI,TURBOFAN,2,100,REGIONAL,1,2026-01-19 02:05:20
D-UGFO,A320,Airbus,A320-200,2013,FN,TURBOFAN,2,171,NARROW_BODY,1,2026-01-21 23:28:59
BB-LMF,B772,Boeing,777-200,2013,UH,TURBOFAN,2,320,WIDE_BODY,1,2026-01-31 16:44:27
GG-CHJ,E190,Embraer,E190,2016,NJ,TURBOFAN,2,101,REGIONAL,1,2026-01-20 10:04:21
VH-MCK,B738,Boeing,737-800,2003,MZ,TURBOFAN,2,166,NARROW_BODY,1,2026-02-15 02:26:09
N487J,A333,Airbus,A330-300,2005,NF,TURBOFAN,2,272,WIDE_BODY,1,2026-02-03 10:52:53
G-DZKU,B739,Boeing,737-900ER,2005,JBG,TURBOFAN,2,189,NARROW_BODY,1,2026-01-23 17:57:22
DX-DYI,B739,Boeing,737-900ER,2009,LH,TURBOFAN,2,199,NARROW_BODY,1,2026-01-23 20:03:43
N14388AM,B739,Boeing,737-900ER,2025,ER,TURBOFAN,2,194,NARROW_BODY,1,2026-01-20 03:16:22
N091,A332,Airbus,A330-200,2005,DU,TURBOFAN,2,266,WIDE_BODY,1,2026-01-28 13:00:09
F-NOZM,B737,Boeing,737-700,2002,WL,TURBOFAN,2,140,NARROW_BODY,1,2026-01-31 20:17:13
C-MYHH,B739,Boeing,737-900ER,2017,KF,TURBOFAN,2,198,NARROW_BODY,1,2026-01-24 17:23:49
VH-RJZ,B789,Boeing,787-9,2024,IW,TURBOFAN,2,278,WIDE_BODY,1,2026-02-13 15:03:03
N61652XF,A321,Airbus,A321-200,,NF,TURBOFAN,2,196,NARROW_BODY,1,2026-01-25 12:44:11
YW-MFZ,B763,Boeing,767-300ER,2010,NJ,TURBOFAN,2,221,WIDE_BODY,1,2026-02-06 04:34:14
VH-EXZ,E175,Embraer,E175,2007,MZ ,TURBOFAN,2,78,REGIONAL,1,2026-02-03 09:52:24
ZO-MYW,B739,Boeing,737-900ER,2003,IS,TURBOFAN,2,187,NARROW_BODY,1,2026-01-26 04:27:10
G-FPQK,E190,Embraer,E190,2005,JBG,TURBOFAN,2,98,REGIONAL,1,2026-02-12 19:59:42
N9370JG,A321,Airbus,A321-200,2020,KP,TURBOFAN,2,189,NARROW_BODY,1,2026-01-24 01:38:53
D-JFYM,E195,Embraer,E195,2009,FN,TURBOFAN,2,111,REGIONAL,1,2026-01-21 19:13:20
G-PUNN,B737,Boeing,737-700,2009,JBG,TURBOFAN,2,129,NARROW_BODY,1,2026-01-21 21:04:09
RS-MXL,B739,Boeing,737-900ER,1987,NJ,TURBOFAN,2,212,NARROW_BODY,1,2026-01-21 08:04:51
N04750,B739,Boeing,737-900ER,2020,DU,TURBOFAN,2,182,NARROW_BODY,1,2026-02-08 17:26:00
VH-JWX,E170,Embraer,E170,2010,GMY,TURBOFAN,2,76,REGIONAL,1,2026-02-11 00:10:57
N879R,A333,Airbus,A330-300,2005,DU,TURBOFAN,2,312,WIDE_BODY,1,2026-01-26 02:27:34
N6982,A320,Airbus,A320-200,1985,DU,TURBOFAN,2,168,NARROW_BODY,1,2026-02-15 02:24:53
N528OP,B737,Boeing,737-700,2018,DU,TURBOFAN,2,133,NARROW_BODY,1,2026-02-10 12:12:59
G-TERO,E195,Embraer,E195,1990,WZ,TURBOFAN,2,120,REGIONAL,1,2026-02-01 23:46:27
N378,B738,Boeing,737-800,2019,KP,TURBOFAN,2,177,NARROW_BODY,1,2026-01-29 14:35:09
JA7126,B739,Boeing,737-900ER,2014,VH,TURBOFAN,2,192,NARROW_BODY,1,2026-01-19 22:32:32
D-AYZD,E190,Embraer,E190,2020,FN,TURBOFAN,2,103,REGIONAL,1,2026-02-07 12:51:06
IJ-WMU,PA28,Piper,PA-28 Cherokee,2018,GZ,PISTON,1,,GA,1,2026-01-28 08:51:48
N41338O,E195,Embraer,E195,2018,ZC,TURBOFAN,2,108,REGIONAL,1,2026-01-24 17:50:31
SM-XOQ,B737,Boeing,737-700,1985,LTZ,TURBOFAN,2,128,NARROW_BODY,1,2026-02-17 03:41:21
JQ-RQM,A320,Airbus,A320-200,2000,NJ,TURBOFAN,2,174,NARROW_BODY,1,2026-02-16 21:19:10
G-LYEX,B738,Boeing,737-800,2003,RYD,TURBOFAN,2,166,NARROW_BODY,1,2026-02-05 05:02:18
N26868,A319,Airbus,A319,1991,NF,TURBOFAN,2,148,NARROW_BODY,1,2026-02-17 00:07:00
VH-ZXX,A321,Airbus,A321-200,2011,GMY,TURBOFAN,2,206,NARROW_BODY,1,2026-02-15 04:52:41
C-WAFD,B738,Boeing,737-800,2019,IM,TURBOFAN,2,189,NARROW_BODY,1,2026-02-09 13:51:31
G-TURC,PA28,Piper,PA-28 Cherokee,2001,IIG,PISTON,1,3,GA,1,2026-02-13 18:33:33
HZ-MJY,B772,Boeing,777-200,2006,WO,TURBOFAN,2,342,WIDE_BODY,1,2026-02-03 02:59:05
TI-CAI,B772,Boeing,777-200,2004,WAI,TURBOFAN,2,308,WIDE_BODY,1,2026-01-27 12:59:57
JA5332,A332,Airbus,A330-200,1996,VH,TURBOFAN,2,297,WIDE_BODY,1,2026-02-05 16:18:41
BL-KMB,A321,Airbus,A321-200,2003,NJ,TURBOFAN,2,,NARROW_BODY,1,2026-01-19 15:17:32
N8338ZD,A319,Airbus,A319,2011,OD,TURBOFAN,2,136,NARROW_BODY,1,2026-02-08 20:09:52
N327C,A333,Airbus,A330-300,2018,NF,TURBOFAN,2,271,WIDE_BODY,1,2026-01-21 18:12:53
JA0876,B737,Boeing,737-700,1989,RI,TURBOFAN,2,133,NARROW_BODY,1,2026-01-27 22:08:49
XR-OUJ,A319,Airbus,A319,2021,NJ,TURBOFAN,2,129,NARROW_BODY,1,2026-02-05 09:55:00
G-KTZL,B739,Boeing,737-900ER,1989,JBG,TURBOFAN,2,194,NARROW_BODY,1,2026-01-20 06:46:26
C-DZMH,B772,Boeing,777-200,2014,IH,TURBOFAN,2,346,WIDE_BODY,1,2026-02-02 07:44:54
N3381Q,E175,Embraer,E175,2015,DU,TURBOFAN,2,87,REGIONAL,1,2026-02-08 23:52:27
ER-KTW,B772,Boeing,777-200,2003,WAI,TURBOFAN,2,300,WIDE_BODY,1,2026-02-07 11:22:14
N3428ZI,CRJ9,Bombardier,CRJ900,2006,NF,TURBOFAN,2,85,REGIONAL,1,2026-01-31 09:02:05
CD-DHE,B789,Boeing,787-9,2018,RVT,TURBOFAN,2,286,WIDE_BODY,1,2026-01-20 13:25:45
EC-OMD,B738,Boeing,737-800,2007,KIU,TURBOFAN,2,179,NARROW_BODY,1,2026-01-31 00:48:57
KM-SLE,B738,Boeing,737-800,2025,GZ,TURBOFAN,2,184,NARROW_BODY,1,2026-02-15 21:02:03
N55259VB,B737,Boeing,737-700,2021,DU,TURBOFAN,2,132,NARROW_BODY,0,2026-02-12 11:48:11
C-WCWD,E175,Embraer,E175,2016,KF,TURBOFAN,2,88,REGIONAL,1,2026-01-31 10:36:44
N555,B737,Boeing,737-700,2011,DU,TURBOFAN,2,135,NARROW_BODY,1,2026-02-04 11:38:58
N9981,A320,Airbus,A320-200,2011,DU,TURBOFAN,2,160,NARROW_BODY,1,2026-01-29 09:35:50
WC-NHY,E170,Embraer,E170,2007,WAI,TURBOFAN,2,71,REGIONAL,1,2026-02-12 22:36:32
N984V,A320,Airbus,A320-200,2009,NF,TURBOFAN,2,148,NARROW_BODY,1,2026-01-24 21:40:02
N184,B738,Boeing,737-800,2019,OD,TURBOFAN,2,166,NARROW_BODY,0,2026-02-11 01:26:13
EI-CRQ,A320,Airbus,A320-200,,UG,TURBOFAN,2,159,NARROW_BODY,1,2026-01-27 15:02:11
N40318DB,C172,Cessna,172 Skyhawk,2014,KP,PISTON,1,2,GA,1,2026-02-02 22:28:09
NA-QLS,B763,Boeing,767-300ER,2012,MO,TURBOFAN,2,266,WIDE_BODY,1,2026-02-13 06:07:41
UG-QGP,A319,Airbus,A319,2017,NJ,TURBOFAN,2,125,NARROW_BODY,1,2026-02-02 19:40:47
N414BX,A359,Airbus,A350-900,1988,DU,TURBOFAN,2,296,WIDE_BODY,1,2026-01-28 00:47:07
BG-BBU,B737,Boeing,737-700,2010,WO,TURBOFAN,2,148,NARROW_BODY,1,2026-01-28 07:06:48
CX-ZEI,A320,Airbus,A320-200,2025,QO,TURBOFAN,2,144,NARROW_BODY,1,2026-01-27 05:25:07
PI-TTD,A319,Airbus,A319,2024,NJ,TURBOFAN,2,124,NARROW_BODY,1,2026-01-31 15:11:10
N7183H,A320,Airbus,A320-200,1996,DU,TURBOFAN,2,176,NARROW_BODY,1,2026-01-23 16:01:22
EI-OSF,B789,Boeing,787-9,2000,DI,TURBOFAN,2,275,WIDE_BODY,1,2026-01-30 19:03:48
D-TKIK,B738,Boeing,737-800,2017,FN,TURBOFAN,2,186,NARROW_BODY,1,2026-01-30 08:46:26
xa-kww,B738,Boeing,737-800,2017,RME,TURBOFAN,2,170,NARROW_BODY,1,2026-01-26 06:58:44
PM-UFX,A359,Airbus,A350-900,2015,NJ,TURBOFAN,2,280,WIDE_BODY,1,2026-02-16 07:16:10
RW-SCN,B739,Boeing,737-900ER,2007,NDR,TURBOFAN,2,183,NARROW_BODY,0,2026-02-10 13:14:59
G-JZCC,A333,Airbus,A330-300,1995,RYD,TURBOFAN,2,264,WIDE_BODY,1,2026-02-11 02:50:26
N4291CC,B772,Boeing,777-200,2002,DU,TURBOFAN,2,307,WIDE_BODY,1,2026-02-07 09:12:47
N60830,B739,Boeing,737-900ER,2019,UX,TURBOFAN,2,212,NARROW_BODY,1,2026-02-02 22:57:08
N017,E170,Embraer,E170,1998,DU,TURBOFAN,2,78,REGIONAL,0,2026-02-11 02:49:57
N009V,C172,Cessna,172 Skyhawk,1983,ZC,PISTON,1,3,GA,1,2026-01-20 14:30:12
EI-XHL,A319,Airbus,A319,1994,UG,TURBOFAN,2,139,NARROW_BODY,1,2026-01-21 17:31:41
N687U,B738,Boeing,737-800,2008,DU,TURBOFAN,2,185,NARROW_BODY,1,2026-01-21 00:05:44
D-UBZN,C172,Cessna,172 Skyhawk,2015,FN,PISTON,1,2,GA,1,2026-02-05 18:09:48
N3881IT,BE20,Beechcraft,King Air 200,2024,KP,TURBOPROP,2,13,GA,1,2026-01-20 21:45:54
IM-CGF,B77W,Boeing,777-300ER,1998,NJ,TURBOFAN,2,408,WIDE_BODY,1,2026-01-31 22:06:49
N788,A320,Airbus,A320-200,2010,ZC,TURBOFAN,2,165,NARROW_BODY,1,2026-02-01 03:00:17
D-QEZS,B772,Boeing,777-200,2023,FN,TURBOFAN,2,314,WIDE_BODY,1,2026-02-08 22:49:38
OW-UOE,A320,Airbus,A320-200,2012,NK,TURBOFAN,2,179,NARROW_BODY,1,2026-01-21 00:12:47
G-QZVR,A321,Airbus,A321-200,2018,HE,TURBOFAN,2,198,NARROW_BODY,1,2026-02-07 06:49:37
G-TZWM,A320,Airbus,A320-200,2008,IIG,TURBOFAN,2,164,NARROW_BODY,1,2026-01-25 04:28:53
N239,B738,Boeing,737-800,2006,DU,TURBOFAN,2,165,NARROW_BODY,1,2026-01-21 21:46:18
F-LQPL,B77W,Boeing,777-300ER,1989,WL,TURBOFAN,2,362,WIDE_BODY,1,2026-01-22 05:50:06
N000QM,B738,Boeing,737-800,1988,OD,TURBOFAN,2,165,NARROW_BODY,1,2026-01-25 11:22:37
JA5183,C208,Cessna,208 Caravan,2007,VH,TURBOPROP,1,11,GA,1,2026-02-04 10:13:46
N9558KN,B772,Boeing,777-200,2016,DU,TURBOFAN,2,315,WIDE_BODY,1,2026-02-13 15:08:15
N19491,E170,Embraer,E170,2015,NF,TURBOFAN,2,66,REGIONAL,1,2026-01-27 07:51:25
N055N,C172,Cessna,172 Skyhawk,1996,DU,PISTON,1,4,GA,1,2026-02-12 00:01:58
D-OCHN,B763,Boeing,767-300ER,2004,FN,TURBOFAN,2,259,WIDE_BODY,1,2026-01-20 16:40:17
C-BXIG,B738,Boeing,737-800,2017,IH,TURBOFAN,2,188,NARROW_BODY,1,2026-02-01 01:29:03
EI-WDZ,B738,Boeing,737-800,2005,DI,TURBOFAN,2,168,NARROW_BODY,1,2026-01-19 02:16:30
N8513KU,B772,Boeing,777-200,2009,DU,TURBOFAN,2,311,WIDE_BODY,1,2026-02-07 17:15:47
VN-QDA,B737,Boeing,737-700,2009,YW,TURBOFAN,2,140,NARROW_BODY,1,2026-01-25 10:11:54
HK-EOZ,B772,Boeing,777-200,2022,HB,TURBOFAN,2,343,WIDE_BODY,1,2026-01-28 14:00:59
EU-FPY,B738,Boeing,737-800,2024,FU,TURBOFAN,2,180,NARROW_BODY,1,2026-01-30 04:30:04
PA-ZZV,B738,Boeing,737-800,2022,WAI,TURBOFAN,2,179,NARROW_BODY,1,2026-02-12 05:10:33
N21788KI,E190,Embraer,E190,1985,LP,TURBOFAN,2,111,REGIONAL,0,2026-02-04 20:52:24
N7257JH,B739,Boeing,737-900ER,1995,DU,TURBOFAN,2,215,NARROW_BODY,1,2026-02-11 06:03:40
D-RFFW,B739,Boeing,737-900ER,2005,FN,TURBOFAN,2,203,NARROW_BODY,1,2026-02-03 04:31:57
MF-DRN,B738,Boeing,737-800,2002,WAI,TURBOFAN,2,164,NARROW_BODY,0,2026-01-31 19:53:15
N461BL,B789,Boeing,787-9,2011,DU,TURBOFAN,2,296,WIDE_BODY,1,2026-01-24 16:43:41
MA-NSY,A319,Airbus,A319,2025,NJ,TURBOFAN,2,136,NARROW_BODY,1,2026-02-17 06:19:20
G-PEVH,A320,Airbus,A320-200,2011,IIG,TURBOFAN,2,173,NARROW_BODY,1,2026-02-01 01:31:13
N994,B738,Boeing,737-800,2002,DU,TURBOFAN,2,166,NARROW_BODY,1,2026-01-19 20:05:05
UQ-PBC,A319,Airbus,A319,2013,WAI,TURBOFAN,2,131,NARROW_BODY,1,2026-01-30 00:05:57
N6626,B738,Boeing,737-800,2001,OP,TURBOFAN,2,176,NARROW_BODY,1,2026-02-11 17:57:22
JA9341,B737,Boeing,737-700,2003,RI ,TURBOFAN,2,148,NARROW_BODY,1,2026-02-01 09:56:44
YU-BSX,B738,Boeing,737-800,2020,NJ,TURBOFAN,2,169,NARROW_BODY,1,2026-02-15 00:46:45
G-TCTB,CRJ9,Bombardier,CRJ900,2023,HE,TURBOFAN,2,86,REGIONAL,1,2026-01-31 02:34:38
CK-LVR,A319,Airbus,A319,2006,HRF,TURBOFAN,2,134,NARROW_BODY,1,2026-02-14 14:47:56
N1330WS,A333,Airbus,A330-300,2017,NF,TURBOFAN,2,267,WIDE_BODY,1,2026-01-27 01:41:18
N72985SC,B738,Boeing,737-800,2016,DU,TURBOFAN,2,175,NARROW_BODY,1,2026-01-29 18:42:47
D-NMME,A320,Airbus,A320-200,2018,FN,TURBOFAN,2,155,NARROW_BODY,1,2026-02-03 23:03:01
UL-WLD,E175,Embraer,E175,2010,NJ,TURBOFAN,2,76,REGIONAL,1,2026-01-28 10:43:03
XO-RLI,B763,Boeing,767-300ER,2013,WAI,TURBOFAN,2,252,WIDE_BODY,1,2026-01-19 08:07:59
N3675S,B772,Boeing,777-200,1985,KP,TURBOFAN,2,308,WIDE_BODY,1,2026-01-28 14:21:42
US-CKY,E190,Embraer,E190,2022,NJ,TURBOFAN,2,99,REGIONAL,1,2026-01-26 14:15:03
N98459,A320,Airbus,A320-200,2015,DU,TURBOFAN,2,148,NARROW_BODY,1,2026-01-19 07:26:24
C-GKIH,B738,Boeing,737-800,2015,IH,TURBOFAN,2,173,NARROW_BODY,1,2026-01-23 14:15:37
FQ-HIR,B763,Boeing,767-300ER,2022,WAI,TURBOFAN,2,274,WIDE_BODY,1,2026-02-01 19:31:31
F-RXNW,B739,Boeing,737-900ER,2000,WL,TURBOFAN,2,213,NARROW_BODY,1,2026-01-29 23:22:51
GV-RHT,C172,Cessna,172 Skyhawk,1983,IS,PISTON,1,3,GA,1,2026-02-06 13:47:23
RY-KYZ,B737,Boeing,737-700,2008,UH,TURBOFAN,2,127,NARROW_BODY,1,2026-02-05 06:17:35
SJ-PTF,B789,Boeing,787-9,2014,WAI,TURBOFAN,2,288,WIDE_BODY,1,2026-02-13 20:21:51
N180S,A319,Airbus,A319,1987,NF,TURBOFAN,2,144,NARROW_BODY,1,2026-01-18 13:53:27
F-NYNU,C172,Cessna,172 Skyhawk,1978,WL,PISTON,1,4,GA,1,2026-02-01 08:27:16
N06496GB,A333,Airbus,A330-300,2019,NF,TURBOFAN,2,284,WIDE_BODY,1,2026-02-03 17:36:26
HQ-ICC,B738,Boeing,737-800,2025,NJ,TURBOFAN,2,177,NARROW_BODY,1,2026-02-14 06:50:48
F-VWTL,B77W,Boeing,777-300ER,2009,CFR,TURBOFAN,2,393,WIDE_BODY,1,2026-01-26 04:05:26
VX-KLK,E190,Embraer,E190,2006,YO,TURBOFAN,2,99,REGIONAL,1,2026-02-14 09:26:59
EI-UHC,B739,Boeing,737-900ER,2020,DI,TURBOFAN,2,204,NARROW_BODY,1,2026-02-15 23:13:12
N16977Y,B772,Boeing,777-200,1994,NF,TURBOFAN,2,309,WIDE_BODY,0,2026-01-19 11:58:25
N465,B737,Boeing,737-700,1994,DU,TURBOFAN,2,134,NARROW_BODY,1,2026-01-20 22:10:59
N6215J,B738,Boeing,737-800,2016,NF,TURBOFAN,2,163,NARROW_BODY,1,2026-02-14 01:47:37
N58913,A321,Airbus,A321-200,2023,ZC,TURBOFAN,2,197,NARROW_BODY,1,2026-01-31 00:17:43
N16028FT,A319,Airbus,A319,2024,UX,TURBOFAN,2,128,NARROW_BODY,1,2026-01-23 20:13:16
XA-GXO,A321,Airbus,A321-200,2015,RME,TURBOFAN,2,193,NARROW_BODY,1,2026-01-19 20:11:32
RW-UPE,A332,Airbus,A330-200,2006,NJ,TURBOFAN,2,251,WIDE_BODY,1,2026-01-20 23:54:27
N2226XJ,A319,Airbus,A319,2007,KP,TURBOFAN,2,126,NARROW_BODY,1,2026-02-01 17:33:24
D-OJJP,C208,Cessna,208 Caravan,1989,OQQ,TURBOPROP,1,12,GA,0,2026-02-06 15:25:49
ND-ECQ,B738,Boeing,737-800,2002,RVT,TURBOFAN,2,165,NARROW_BODY,1,2026-02-11 17:15:44
PQ-KGD,B738,Boeing,737-800,2015,NJ,TURBOFAN,2,180,NARROW_BODY,1,2026-01-20 16:23:05
D-QWSV,A332,Airbus,A330-200,2013,FN,TURBOFAN,2,278,WIDE_BODY,0,2026-01-25 01:56:33
F-RGSI,BE20,Beechcraft,King Air 200,2016,CFR,TURBOPROP,2,11,GA,1,2026-02-12 04:38:00
EX-PWN,B739,Boeing,737-900ER,2014,RVT ,TURBOFAN,2,210,NARROW_BODY,1,2026-01-19 04:01:40
WS-LYM,E170,Embraer,E170,2018,NJ,TURBOFAN,2,75,REGIONAL,1,2026-01-20 11:53:51
WK-ESU,CRJ7,Bombardier,CRJ700,2014,IS,TURBOFAN,2,74,REGIONAL,1,2026-02-07 11:47:48
N43267O,B772,Boeing,777-200,2013,IG,TURBOFAN,2,335,WIDE_BODY,1,2026-02-05 03:27:16
DF-UYC,A320,Airbus,A320-200,2012,VYS,TURBOFAN,2,161,NARROW_BODY,1,2026-01-18 15:44:07
JA1940,C172,Cessna,172 Skyhawk,1971,VH,PISTON,1,4,GA,1,2026-01-18 15:48:18
C-MAWY,CRJ9,Bombardier,CRJ900,2003,IM,TURBOFAN,2,76,REGIONAL,1,2026-01-23 16:17:44
EZ-UJK,B789,Boeing,787-9,2021,NDR,TURBOFAN,2,307,WIDE_BODY,1,2026-02-13 02:04:33
N619AE,A321,Airbus,A321-200,2008,DU,TURBOFAN,2,174,NARROW_BODY,1,2026-01-31 23:02:16
N43423R,B739,Boeing,737-900ER,2013,NF,TURBOFAN,2,210,NARROW_BODY,1,2026-02-14 04:25:13
JN-SGH,B739,Boeing,737-900ER,2011,NJ,TURBOFAN,2,201,NARROW_BODY,1,2026-02-08 19:10:33
G-XMFT,B739,Boeing,737-900ER,2016,JBG,TURBOFAN,2,194,NARROW_BODY,1,2026-02-05 08:12:38
D-MAWY,E175,Embraer,E175,2018,FN,TURBOFAN,2,85,REGIONAL,1,2026-01-20 13:45:48
N15490K,C172,Cessna,172 Skyhawk,1986,KP,PISTON,1,4,GA,0,2026-02-07 05:34:57
C-HYIE,A320,Airbus,A320-200,2006,KF,TURBOFAN,2,163,NARROW_BODY,1,2026-01-29 00:24:09
EI-HGL,A321,Airbus,A321-200,2002,DI,TURBOFAN,2,217,NARROW_BODY,1,2026-02-16 23:46:34
N3553EF,B738,Boeing,737-800,2010,DU,TURBOFAN,2,163,NARROW_BODY,1,2026-02-01 05:13:25
JR-POQ,C172,Cessna,172 Skyhawk,2017,NJ,PISTON,1,3,GA,1,2026-01-23 16:24:57
DE-VIQ,C172,Cessna,172 Skyhawk,2014,WAI,PISTON,1,2,GA,1,2026-02-06 09:14:01
D-UYTN,A319,Airbus,A319,2002,FN,TURBOFAN,2,135,NARROW_BODY,1,2026-02-11 09:26:41
EI-CBW,A320,Airbus,A320-200,2000,GSH,TURBOFAN,2,165,NARROW_BODY,1,2026-02-13 10:07:56
N26180JX,E190,Embraer,E190,2020,KP,TURBOFAN,2,113,REGIONAL,1,2026-01-21 20:01:31
QO-NQI,B738,Boeing,737-800,2008,WAI,TURBOFAN,2,,NARROW_BODY,1,2026-01-27 00:19:20
N340Y,E170,Embraer,E170,2000,DU,TURBOFAN,2,78,REGIONAL,1,2026-02-03 05:50:50
GS-QVF,B77W,Boeing,777-300ER,1994,NJ,TURBOFAN,2,383,WIDE_BODY,1,2026-02-04 06:22:52
F-HQQH,B739,Boeing,737-900ER,2016,CFR,TURBOFAN,2,200,NARROW_BODY,1,2026-02-15 01:18:05
AC-AFK,A320,Airbus,A320-200,2020,NJ,TURBOFAN,2,163,NARROW_BODY,1,2026-02-15 22:09:01
ME-VVV,CRJ9,Bombardier,CRJ900,1997,YO,TURBOFAN,2,87,REGIONAL,1,2026-01-26 23:02:24
G-FKYY,A320,Airbus,A320-200,1996,JBG,TURBOFAN,2,142,NARROW_BODY,1,2026-02-11 12:49:18
N240P,B739,Boeing,737-900ER,2003,KP,TURBOFAN,2,180,NARROW_BODY,0,2026-01-20 06:07:23
F-CQYZ,A320,Airbus,A320-200,2013,YM,TURBOFAN,2,162,NARROW_BODY,1,2026-01-22 10:13:48
N7037X,B737,Boeing,737-700,2007,DU,TURBOFAN,2,143,NARROW_BODY,1,2026-01-24 16:07:42
JA9501,B789,Boeing,787-9,2000,RI,TURBOFAN,2,283,WIDE_BODY,1,2026-01-23 21:38:36
N09816EH,B737,Boeing,737-700,2005,KP,TURBOFAN,2,129,NARROW_BODY,1,2026-02-14 05:26:21
F-AQKM,A320,Airbus,A320-200,2022,CFR,TURBOFAN,2,156,NARROW_BODY,1,2026-02-06 17:57:58
D-CUBO,A333,Airbus,A330-300,2017,FN,TURBOFAN,2,310,WIDE_BODY,1,2026-01-18 12:20:51
D-CSNE,B739,Boeing,737-900ER,2003,FN,TURBOFAN,2,191,NARROW_BODY,1,2026-01-21 08:50:41
G-WEEK,E170,Embraer,E170,2002,JBG,TURBOFAN,2,74,REGIONAL,0,2026-01-26 22:58:49
QV-IGO,B77W,Boeing,777-300ER,2003,NJ,TURBOFAN,2,366,WIDE_BODY,1,2026-01-26 12:02:19
ZH-HFW,B738,Boeing,737-800,1998,LH,TURBOFAN,2,182,NARROW_BODY,1,2026-01-23 15:27:08
JP-GVC,A319,Airbus,A319,2003,MO,TURBOFAN,2,128,NARROW_BODY,1,2026-01-25 00:56:06
HT-OCB,B763,Boeing,767-300ER,2015,RVT,TURBOFAN,2,263,WIDE_BODY,1,2026-02-11 14:41:13
N0535N,A320,Airbus,A320-200,2000,DU,TURBOFAN,2,165,NARROW_BODY,0,2026-01-19 13:44:51
MT-OGK,E175,Embraer,E175,2011,HKD,TURBOFAN,2,78,REGIONAL,1,2026-01-25 02:48:41
N224YC,C208,Cessna,208 Caravan,2005,DU,TURBOPROP,1,10,GA,1,2026-01-19 15:12:35
N10813WC,B739,Boeing,737-900ER,1994,DU,TURBOFAN,2,189,NARROW_BODY,1,2026-02-16 19:07:35
N252Q,A321,Airbus,A321-200,2024,DU,TURBOFAN,2,214,NARROW_BODY,1,2026-01-30 04:20:54
N24906WR,A321,Airbus,A321-200,2013,DU,TURBOFAN,2,188,NARROW_BODY,1,2026-01-29 16:47:41
NE-NLY,B789,Boeing,787-9,1985,HA,TURBOFAN,2,279,WIDE_BODY,1,2026-02-09 20:12:09
VH-HBG,AT72,ATR,ATR 72-600,2000,GMY,TURBOPROP,2,72,REGIONAL,1,2026-02-06 12:18:14
D-PQFG,A319,Airbus,A319,1989,FN,TURBOFAN,2,145,NARROW_BODY,1,2026-02-10 17:40:24
D-XLXU,B738,Boeing,737-800,2022,FN,TURBOFAN,2,189,NARROW_BODY,1,2026-02-14 04:07:04
N8444YH,B739,Boeing,737-900ER,2014,DU,TURBOFAN,2,188,NARROW_BODY,1,2026-01-18 18:07:00
CU-DVM,A321,Airbus,A321-200,2015,WO,TURBOFAN,2,194,NARROW_BODY,1,2026-02-10 18:54:46
D-FRFF,B739,Boeing,737-900ER,1992,FN,TURBOFAN,2,211,NARROW_BODY,1,2026-02-05 11:36:10
YO-NQS,B737,Boeing,737-700,1986,XB,TURBOFAN,2,140,NARROW_BODY,1,2026-02-05 12:50:25
BH-KHV,A333,Airbus,A330-300,2004,WAI,TURBOFAN,2,299,WIDE_BODY,1,2026-01-23 08:48:49
C-PXOK,E170,Embraer,E170,2000,IM,TURBOFAN,2,68,REGIONAL,1,2026-02-07 15:51:32
EI-TCS,B772,Boeing,777-200,2010,GSH,TURBOFAN,2,345,WIDE_BODY,1,2026-01-23 14:59:32
WW-EDT,A320,Airbus,A320-200,1989,HKD,TURBOFAN,2,159,NARROW_BODY,1,2026-02-03 10:40:23
N4486G,B738,Boeing,737-800,2020,IG ,TURBOFAN,2,174,NARROW_BODY,1,2026-02-13 14:36:48
N016,A359,Airbus,A350-900,1985,DU,TURBOFAN,2,318,WIDE_BODY,1,2026-02-12 04:15:49
UE-LPY,B772,Boeing,777-200,1987,RVT,TURBOFAN,2,323,WIDE_BODY,1,2026-01-27 17:15:30
G-KFFB,B739,Boeing,737-900ER,2023,ANL,TURBOFAN,2,213,NARROW_BODY,0,2026-01-24 23:37:07
GO-QYP,A319,Airbus,A319,2011,FO,TURBOFAN,2,155,NARROW_BODY,1,2026-02-08 17:31:11
UT-FPK,A320,Airbus,A320-200,1990,NJ,TURBOFAN,2,175,NARROW_BODY,1,2026-02-07 16:43:36
N637YV,B738,Boeing,737-800,1998,DU,TURBOFAN,2,170,NARROW_BODY,1,2026-01-25 10:17:37
N4890HS,CRJ7,Bombardier,CRJ700,2008,NF,TURBOFAN,2,66,REGIONAL,1,2026-02-01 08:38:45
ZQ-VOK,B789,Boeing,787-9,2023,WO,TURBOFAN,2,305,WIDE_BODY,1,2026-02-15 22:16:38
NE-JAF,BE20,Beechcraft,King Air 200,1978,UH,TURBOPROP,2,8,GA,1,2026-01-31 22:51:47
N61747DI,B788,Boeing,787-8,1994,IKQ,TURBOFAN,2,245,WIDE_BODY,1,2026-02-12 11:00:12
D-IFHI,B789,Boeing,787-9,1999,FN,TURBOFAN,2,269,WIDE_BODY,1,2026-01-21 07:06:56
F-HGBP,A320,Airbus,A320-200,2007,WL,TURBOFAN,2,143,NARROW_BODY,1,2026-01-25 14:40:48
F-XQRL,E190,Embraer,E190,2005,WL,TURBOFAN,2,102,REGIONAL,1,2026-01-22 13:34:19
N44674,C172,Cessna,172 Skyhawk,1999,DU,PISTON,1,4,GA,1,2026-02-08 13:30:18
MJ-LET,A333,Airbus,A330-300,2011,WO,TURBOFAN,2,266,WIDE_BODY,1,2026-02-12 06:29:04
QO-ZJI,A319,Airbus,A319,2022,NJ,TURBOFAN,2,151,NARROW_BODY,1,2026-01-27 07:54:11
N54545E,B772,Boeing,777-200,2010,DU,TURBOFAN,2,306,WIDE_BODY,1,2026-01-19 12:15:51
N96011HQ,B788,Boeing,787-8,1998,DU,TURBOFAN,2,260,WIDE_BODY,1,2026-02-02 16:18:01
N94123ZA,AT72,ATR,ATR 72-600,2018,ZC,TURBOPROP,2,65,REGIONAL,1,2026-02-15 22:47:38
PH-ORM,A332,Airbus,A330-200,1989,ZN,TURBOFAN,2,293,WIDE_BODY,1,2026-02-11 08:51:05
ZC-QKL,B738,Boeing,737-800,2022,NJ,TURBOFAN,2,189,NARROW_BODY,1,2026-02-08 17:38:52
AM-TSH,A321,Airbus,A321-200,2022,NJ,TURBOFAN,2,193,NARROW_BODY,1,2026-02-15 15:00:39
TZ-ZUM,B738,Boeing,737-800,1999,MO,TURBOFAN,2,179,NARROW_BODY,1,2026-02-13 16:09:17
N454IJ,B739,Boeing,737-900ER,2017,NF,TURBOFAN,2,198,NARROW_BODY,1,2026-01-19 10:49:47
BZ-VQH,PA28,Piper,PA-28 Cherokee,1978,LTZ,PISTON,1,2,GA,1,2026-02-03 19:46:15
N48274WI,B739,Boeing,737-900ER,1987,DU,TURBOFAN,2,189,NARROW_BODY,1,2026-01-28 10:00:28
N0280K,B789,Boeing,787-9,2007,DU,TURBOFAN,2,,WIDE_BODY,1,2026-01-29 12:39:42
RZ-RBX,B739,Boeing,737-900ER,2019,NJ,TURBOFAN,2,197,NARROW_BODY,1,2026-02-04 11:56:49
N51361AA,CRJ9,Bombardier,CRJ900,1991,KP,TURBOFAN,2,77,REGIONAL,1,2026-01-31 09:34:50
D-RVYQ,A320,Airbus,A320-200,2014,FN,TURBOFAN,2,145,NARROW_BODY,1,2026-02-11 03:46:26
N249LZ,A320,Airbus,A320-200,2024,FI,TURBOFAN,2,160,NARROW_BODY,1,2026-02-13 20:54:50
N449KQ,B789,Boeing,787-9,1990,DU,TURBOFAN,2,273,WIDE_BODY,1,2026-01-27 00:38:49
xd-qyr,E190,Embraer,E190,2011,NJ,TURBOFAN,2,106,REGIONAL,1,2026-01-20 13:37:21
N509D,A332,Airbus,A330-200,2003,DU,TURBOFAN,2,283,WIDE_BODY,1,2026-02-14 18:49:13
LT-QEB,B739,Boeing,737-900ER,2003,QO,TURBOFAN,2,199,NARROW_BODY,1,2026-02-12 06:43:59
FS-PMB,B737,Boeing,737-700,2004,MO ,TURBOFAN,2,141,NARROW_BODY,1,2026-01-26 15:38:45
FR-NYW,CRJ9,Bombardier,CRJ900,2011,NJ,TURBOFAN,2,85,REGIONAL,1,2026-02-13 23:12:06
XA-SDE,B739,Boeing,737-900ER,1989,RME,TURBOFAN,2,186,NARROW_BODY,1,2026-01-19 18:30:45
XA-FIV,A359,Airbus,A350-900,2017,RME,TURBOFAN,2,295,WIDE_BODY,0,2026-01-20 12:04:36
C-BHTE,C172,Cessna,172 Skyhawk,1988,IM,PISTON,1,4,GA,1,2026-01-18 17:34:51
D-SPHS,A320,Airbus,A320-200,2020,FN,TURBOFAN,2,148,NARROW_BODY,1,2026-02-04 07:26:51
C-MYQU,A320,Airbus,A320-200,2000,IM,TURBOFAN,2,175,NARROW_BODY,1,2026-02-11 18:13:13
MQ-FBC,AT72,ATR,ATR 72-600,1998,NJ,TURBOPROP,2,78,REGIONAL,1,2026-02-15 08:53:37
D-LCBN,B738,Boeing,737-800,1985,FN,TURBOFAN,2,175,NARROW_BODY,1,2026-02-06 00:58:57
G-UICT,B738,Boeing,737-800,2019,ANL,TURBOFAN,2,188,NARROW_BODY,1,2026-01-25 14:23:00
C-JLFJ,A359,Airbus,A350-900,2004,IM,TURBOFAN,2,284,WIDE_BODY,1,2026-02-14 13:37:39
N6766,B737,Boeing,737-700,2021,KP,TURBOFAN,2,133,NARROW_BODY,1,2026-01-23 03:13:20
N82429,A321,Airbus,A321-200,2013,DU,TURBOFAN,2,196,NARROW_BODY,0,2026-02-15 12:27:18
N84250KF,A319,Airbus,A319,2003,DU,TURBOFAN,2,129,NARROW_BODY,1,2026-02-02 15:57:59
DS-EWQ,B739,Boeing,737-900ER,2013,NJ,TURBOFAN,2,184,NARROW_BODY,1,2026-02-01 07:15:47
N708YN,B738,Boeing,737-800,2018,NF,TURBOFAN,2,188,NARROW_BODY,1,2026-01-29 20:57:07
XA-SFZ,A359,Airbus,A350-900,1996,RME,TURBOFAN,2,341,WIDE_BODY,1,2026-02-07 06:41:57
BJ-LNV,B738,Boeing,737-800,2008,NJ,TURBOFAN,2,181,NARROW_BODY,1,2026-02-03 06:36:51
VH-EWC,B763,Boeing,767-300ER,2000,MZ,TURBOFAN,2,219,WIDE_BODY,1,2026-02-04 01:37:49
KR-YMK,AT72,ATR,ATR 72-600,2013,WO,TURBOPROP,2,68,REGIONAL,1,2026-02-16 09:27:08
QI-PSV,A332,Airbus,A330-200,2000,HRF,TURBOFAN,2,248,WIDE_BODY,1,2026-02-02 14:02:03
XA-JLE,B772,Boeing,777-200,2020,RME,TURBOFAN,2,318,WIDE_BODY,1,2026-02-08 22:49:06
XA-IDG,A321,Airbus,A321-200,1993,RME,TURBOFAN,2,215,NARROW_BODY,1,2026-01-31 18:30:58
YT-YYE,A320,Airbus,A320-200,2021,WO,TURBOFAN,2,172,NARROW_BODY,1,2026-02-03 02:46:41
OX-LRT,B738,Boeing,737-800,2015,UM,TURBOFAN,2,181,NARROW_BODY,1,2026-02-02 12:11:06
FN-UTF,A321,Airbus,A321-200,1998,RVT,TURBOFAN,2,198,NARROW_BODY,1,2026-01-23 14:51:04
G-KSLK,A320,Airbus,A320-200,1990,JBG,TURBOFAN,2,162,NARROW_BODY,1,2026-01-21 05:28:33
UZ-LXD,B739,Boeing,737-900ER,2014,UH,TURBOFAN,2,189,NARROW_BODY,1,2026-01-25 10:09:45
PH-AQH,PA28,Piper,PA-28 Cherokee,1977,ZN,PISTON,1,4,GA,1,2026-01-29 22:19:59
TF-UEH,B738,Boeing,737-800,2023,NJ,TURBOFAN,2,175,NARROW_BODY,1,2026-02-03 11:56:41
ZB-TPO,E175,Embraer,E175,2023,YW,TURBOFAN,2,86,REGIONAL,1,2026-02-11 15:48:06
LS-JBJ,PA28,Piper,PA-28 Cherokee,2013,UM,PISTON,1,3,GA,1,2026-02-13 17:37:02
N8636JN,B737,Boeing,737-700,2002,NF,TURBOFAN,2,126,NARROW_BODY,1,2026-02-03 19:15:05
EC-FEX,A320,Airbus,A320-200,2021,FK,TURBOFAN,2,174,NARROW_BODY,1,2026-02-11 22:20:45
RD-LZN,A320,Airbus,A320-200,2015,HRF,TURBOFAN,2,159,NARROW_BODY,1,2026-02-11 16:57:05
CR-UCU,A320,Airbus,A320-200,2013,FU,TURBOFAN,2,152,NARROW_BODY,1,2026-01-23 12:52:49
G-CDPP,A321,Airbus,A321-200,2010,RJ,TURBOFAN,2,192,NARROW_BODY,1,2026-02-10 09:32:26
SG-OCP,A320,Airbus,A320-200,1988,NJ,TURBOFAN,2,152,NARROW_BODY,0,2026-02-09 02:59:46
SJ-PLY,E175,Embraer,E175,1990,NJ,TURBOFAN,2,82,REGIONAL,1,2026-01-28 16:15:51
N27043P,A320,Airbus,A320-200,2007,DU,TURBOFAN,2,154,NARROW_BODY,1,2026-02-03 08:33:57
D-JARR,B739,Boeing,737-900ER,2008,FN,TURBOFAN,2,185,NARROW_BODY,1,2026-01-29 07:08:17
XA-ZIP,B763,Boeing,767-300ER,2013,RME,TURBOFAN,2,264,WIDE_BODY,1,2026-02-03 22:37:46
D-JRYZ,B77W,Boeing,777-300ER,1999,FN,TURBOFAN,2,356,WIDE_BODY,1,2026-02-06 06:12:00
G-ZJRD,A320,Airbus,A320-200,2014,JBG,TURBOFAN,2,144,NARROW_BODY,1,2026-01-23 05:20:33
C-IWOY,B738,Boeing,737-800,1991,KF,TURBOFAN,2,188,NARROW_BODY,1,2026-02-02 04:38:20
N14337RR,CRJ9,Bombardier,CRJ900,2022,DU,TURBOFAN,2,83,REGIONAL,1,2026-02-09 21:00:41
EI-ZIA,A359,Airbus,A350-900,1996,UG,TURBOFAN,2,324,WIDE_BODY,1,2026-01-31 21:32:03
N659,B788,Boeing,787-8,2012,KP,TURBOFAN,2,250,WIDE_BODY,1,2026-02-01 15:10:23
MA-IOI,PA28,Piper,PA-28 Cherokee,1977,WO,PISTON,1,2,GA,1,2026-01-31 23:32:05
VH-BWF,B738,Boeing,737-800,2004,GMY,TURBOFAN,2,178,NARROW_BODY,1,2026-02-06 11:57:02
ON-LJB,E195,Embraer,E195,2021,YW,TURBOFAN,2,109,REGIONAL,1,2026-01-22 06:02:32
N651F,B772,Boeing,777-200,2021,NF,TURBOFAN,2,317,WIDE_BODY,1,2026-01-22 14:27:50
XA-FMG,B737,Boeing,737-700,2025,RME,TURBOFAN,2,135,NARROW_BODY,1,2026-01-28 13:08:20
N16221,A319,Airbus,A319,2004,DU,TURBOFAN,2,153,NARROW_BODY,1,2026-01-27 06:59:42
N6189U,B788,Boeing,787-8,1999,DU,TURBOFAN,2,260,WIDE_BODY,1,2026-01-28 16:55:46
N179RP,B739,Boeing,737-900ER,2021,OD,TURBOFAN,2,196,NARROW_BODY,1,2026-02-13 01:58:46
TG-KDE,B738,Boeing,737-800,2020,XB,TURBOFAN,2,173,NARROW_BODY,1,2026-01-19 20:19:54
GH-UDM,PA28,Piper,PA-28 Cherokee,2010,NJ,PISTON,1,4,GA,1,2026-02-14 19:25:44
D-JVDW,A321,Airbus,A321-200,2019,FN,TURBOFAN,2,170,NARROW_BODY,1,2026-01-29 09:16:38
WE-LIV,B737,Boeing,737-700,2025,UH,TURBOFAN,2,127,NARROW_BODY,1,2026-02-13 13:48:36
N865K,BE20,Beechcraft,King Air 200,2005,DU,TURBOPROP,2,11,GA,1,2026-02-14 22:25:38
F-HOCG,B788,Boeing,787-8,2020,CFR,TURBOFAN,2,288,WIDE_BODY,1,2026-01-19 15:02:52
C-RVUF,CRJ9,Bombardier,CRJ900,2002,KF,TURBOFAN,2,82,REGIONAL,1,2026-01-20 18:34:25
D-ZFSE,B738,Boeing,737-800,2006,FN,TURBOFAN,2,,NARROW_BODY,1,2026-02-13 03:21:46
N8422H,A333,Airbus,A330-300,1999,DU,TURBOFAN,2,314,WIDE_BODY,1,2026-02-03 17:26:46
VH-GLG,E175,Embraer,E175,2023,GMY,TURBOFAN,2,83,REGIONAL,1,2026-01-25 16:50:24
F-TGCB,B737,Boeing,737-700,2003,WL,TURBOFAN,2,141,NARROW_BODY,1,2026-01-19 00:38:58
N39618,B788,Boeing,787-8,2016,IG,TURBOFAN,2,272,WIDE_BODY,1,2026-01-31 23:57:26
N949T,A320,Airbus,A320-200,2017,SI,TURBOFAN,2,156,NARROW_BODY,1,2026-02-04 15:49:36
D-OXQL,A333,Airbus,A330-300,1985,FN,TURBOFAN,2,271,WIDE_BODY,1,2026-01-25 18:52:39
F-MMVW,A319,Airbus,A319,1986,WL,TURBOFAN,2,137,NARROW_BODY,1,2026-02-09 07:02:56
EC-ATE,A321,Airbus,A321-200,2016,KIU,TURBOFAN,2,219,NARROW_BODY,1,2026-02-12 21:15:12
G-YVDC,A319,Airbus,A319,2023,WZ ,TURBOFAN,2,154,NARROW_BODY,1,2026-02-04 09:20:53
G-TTYO,B739,Boeing,737-900ER,2000,ANL,TURBOFAN,2,198,NARROW_BODY,1,2026-02-14 18:25:26
N0817Q,A321,Airbus,A321-200,2015,KP,TURBOFAN,2,177,NARROW_BODY,1,2026-01-27 11:23:34
EI-JFL,A319,Airbus,A319,2004,DI,TURBOFAN,2,151,NARROW_BODY,1,2026-01-27 22:50:11
MF-REM,A320,Airbus,A320-200,2021,HRF,TURBOFAN,2,145,NARROW_BODY,1,2026-01-27 05:34:14
GL-OOX,B772,Boeing,777-200,2005,UH,TURBOFAN,2,326,WIDE_BODY,1,2026-01-20 20:48:06
N1130HP,E175,Embraer,E175,2010,DU,TURBOFAN,2,83,REGIONAL,1,2026-02-04 14:17:34
VH-GRL,A320,Airbus,A320-200,1991,GMY,TURBOFAN,2,147,NARROW_BODY,1,2026-01-26 02:59:53
ZJ-RRK,B738,Boeing,737-800,2002,WAI,TURBOFAN,2,164,NARROW_BODY,1,2026-02-12 00:44:21
GV-WOC,E170,Embraer,E170,2015,MO,TURBOFAN,2,73,REGIONAL,1,2026-02-11 19:26:33
PF-OVB,E170,Embraer,E170,1995,VYS,TURBOFAN,2,77,REGIONAL,1,2026-01-24 09:35:27
PP-RVM,B738,Boeing,737-800,2021,NJ,TURBOFAN,2,160,NARROW_BODY,1,2026-02-02 03:08:05
QL-LES,A320,Airbus,A320-200,2007,WAI,TURBOFAN,2,154,NARROW_BODY,1,2026-01-19 22:27:17
HS-YVR,C208,Cessna,208 Caravan,2025,FU,TURBOPROP,1,10,GA,1,2026-02-03 18:02:25
UY-MGO,B789,Boeing,787-9,2016,NJ,TURBOFAN,2,282,WIDE_BODY,1,2026-02-08 23:34:10
DF-GIJ,A332,Airbus,A330-200,1995,RVT,TURBOFAN,2,257,WIDE_BODY,1,2026-01-23 10:39:25
D-TZUP,B737,Boeing,737-700,2014,FN,TURBOFAN,2,143,NARROW_BODY,1,2026-02-12 08:18:50
F-TMWE,B737,Boeing,737-700,,WL,TURBOFAN,2,129,NARROW_BODY,1,2026-01-27 03:31:42
EG-SKQ,E170,Embraer,E170,2012,IS,TURBOFAN,2,78,REGIONAL,1,2026-02-06 09:16:32
RY-LUS,B739,Boeing,737-900ER,2001,LH,TURBOFAN,2,185,NARROW_BODY,1,2026-01-28 23:10:11
XB-QSR,B738,Boeing,737-800,2004,WAI,TURBOFAN,2,173,NARROW_BODY,1,2026-01-21 14:07:26
D-PDKQ,B77W,Boeing,777-300ER,2018,FN,TURBOFAN,2,391,WIDE_BODY,1,2026-01-31 16:52:50
XA-IST,A321,Airbus,A321-200,1993,RME,TURBOFAN,2,188,NARROW_BODY,1,2026-02-02 07:19:35
G-GUSZ,CRJ9,Bombardier,CRJ900,1985,WZ,TURBOFAN,2,89,REGIONAL,1,2026-01-31 06:08:08
IG-TPS,A359,Airbus,A350-900,2019,NDR,TURBOFAN,2,309,WIDE_BODY,1,2026-02-03 15:37:08
N358L,A319,Airbus,A319,1991,DU,TURBOFAN,2,150,NARROW_BODY,1,2026-02-11 03:35:31
KG-MLL,E195,Embraer,E195,2020,LH,TURBOFAN,2,123,REGIONAL,0,2026-02-09 13:24:04
DF-MTY,C208,Cessna,208 Caravan,2022,VYS,TURBOPROP,1,12,GA,1,2026-01-30 12:31:41
N0174X,B739,Boeing,737-900ER,2011,UX,TURBOFAN,2,211,NARROW_BODY,1,2026-01-21 21:11:59
D-UMSP,A359,Airbus,A350-900,2016,FN,TURBOFAN,2,338,WIDE_BODY,1,2026-01-26 15:55:01
G-XIBR,B738,Boeing,737-800,2004,IIG,TURBOFAN,2,180,NARROW_BODY,1,2026-02-09 10:10:18
VH-OFQ,B738,Boeing,737-800,2013,IW ,TURBOFAN,2,178,NARROW_BODY,1,2026-01-25 08:44:17
FV-VPC,BE20,Beechcraft,King Air 200,2009,YW,TURBOPROP,2,8,GA,1,2026-02-16 08:01:23
JA9521,A332,Airbus,A330-200,2013,VH,TURBOFAN,2,300,WIDE_BODY,1,2026-02-09 06:00:18
EI-DXG,A321,Airbus,A321-200,2014,DI,TURBOFAN,2,173,NARROW_BODY,1,2026-01-19 11:33:58
XA-MKM,E175,Embraer,E175,2003,RME,TURBOFAN,2,76,REGIONAL,1,2026-01-20 00:11:10
CQ-FZJ,A321,Airbus,A321-200,2025,NJ,TURBOFAN,2,185,NARROW_BODY,1,2026-01-27 21:25:10
QE-BXH,B763,Boeing,767-300ER,2007,WAI,TURBOFAN,2,254,WIDE_BODY,1,2026-02-07 03:15:01
KD-DOH,B738,Boeing,737-800,2009,UH,TURBOFAN,2,176,NARROW_BODY,0,2026-02-02 00:16:33
RI-FYI,C208,Cessna,208 Caravan,1999,YW,TURBOPROP,1,9,GA,0,2026-02-16 23:58:01
N65884,B772,Boeing,777-200,2002,NF,TURBOFAN,2,,WIDE_BODY,1,2026-02-17 01:18:13
N93063FZ,B737,Boeing,737-700,2013,DU,TURBOFAN,2,134,NARROW_BODY,1,2026-01-19 01:03:15
N1176OB,B739,Boeing,737-900ER,1986,NF,TURBOFAN,2,188,NARROW_BODY,1,2026-02-06 09:31:41
VH-RPR,E175,Embraer,E175,2013,GMY,TURBOFAN,2,82,REGIONAL,1,2026-02-14 22:42:08
MN-BSB,C172,Cessna,172 Skyhawk,2005,LH,PISTON,1,2,GA,1,2026-02-01 05:09:59
BG-EIQ,BE20,Beechcraft,King Air 200,1977,NJ,TURBOPROP,2,11,GA,1,2026-02-01 05:38:10
N79767LD,B739,Boeing,737-900ER,2013,DU,TURBOFAN,2,204,NARROW_BODY,1,2026-02-14 07:21:48
CB-BWK,B738,Boeing,737-800,2019,NJ,TURBOFAN,2,167,NARROW_BODY,1,2026-02-16 22:46:09
RA-NPC,B788,Boeing,787-8,1996,GZ,TURBOFAN,2,277,WIDE_BODY,1,2026-01-20 15:17:11
F-DBDP,A359,Airbus,A350-900,2008,CFR,TURBOFAN,2,319,WIDE_BODY,1,2026-01-22 04:38:55
N61285,E190,Embraer,E190,2003,OP,TURBOFAN,2,102,REGIONAL,1,2026-02-07 16:38:26
IP-ZQK,B739,Boeing,737-900ER,1992,RVT,TURBOFAN,2,182,NARROW_BODY,1,2026-02-06 15:17:01
N34800A,B772,Boeing,777-200,1986,DU,TURBOFAN,2,312,WIDE_BODY,1,2026-01-30 23:48:08
N8211X,B739,Boeing,737-900ER,1995,DU,TURBOFAN,2,188,NARROW_BODY,1,2026-02-12 01:50:19
C-NUQL,A319,Airbus,A319,2014,IM,TURBOFAN,2,133,NARROW_BODY,1,2026-02-11 02:44:24
VH-GBQ,E195,Embraer,E195,1993,GMY,TURBOFAN,2,109,REGIONAL,1,2026-02-14 21:04:32
SU-UPE,B738,Boeing,737-800,2010,NJ,TURBOFAN,2,184,NARROW_BODY,1,2026-01-24 06:13:48
D-MPQU,B738,Boeing,737-800,2016,FN,TURBOFAN,2,167,NARROW_BODY,1,2026-01-26 12:24:55
D-JODC,A359,Airbus,A350-900,2004,FN,TURBOFAN,2,285,WIDE_BODY,1,2026-02-01 03:13:22
G-EGQJ,C172,Cessna,172 Skyhawk,1983,IIG,PISTON,1,4,GA,1,2026-02-06 09:47:19
G-HVRH,A320,Airbus,A320-200,2015,ANL,TURBOFAN,2,174,NARROW_BODY,1,2026-02-17 01:11:03
N06998,BE20,Beechcraft,King Air 200,1981,DU,TURBOPROP,2,9,GA,1,2026-01-25 17:00:25
N44801,B789,Boeing,787-9,2011,DU,TURBOFAN,2,291,WIDE_BODY,1,2026-01-31 05:54:54
N5501O,B737,Boeing,737-700,2022,NF,TURBOFAN,2,144,NARROW_BODY,1,2026-01-29 22:51:31
N6316,A320,Airbus,A320-200,1996,NF,TURBOFAN,2,178,NARROW_BODY,1,2026-02-14 02:09:50
JA-IXK,E170,Embraer,E170,2015,NJ,TURBOFAN,2,74,REGIONAL,1,2026-02-14 03:00:44
N46955LF,A321,Airbus,A321-200,2020,DU,TURBOFAN,2,174,NARROW_BODY,1,2026-01-19 02:25:38
N06938K,PA28,Piper,PA-28 Cherokee,2019,NF,PISTON,1,2,GA,1,2026-01-18 11:24:42
YG-WHQ,B738,Boeing,737-800,2001,XB,TURBOFAN,2,182,NARROW_BODY,1,2026-02-06 22:00:24
N73425A,A319,Airbus,A319,2023,DU,TURBOFAN,2,153,NARROW_BODY,1,2026-01-29 01:51:35
G-TMBO,B739,Boeing,737-900ER,2007,ANL,TURBOFAN,2,188,NARROW_BODY,1,2026-02-03 21:54:11
N1602J,A321,Airbus,A321-200,2000,NF,TURBOFAN,2,213,NARROW_BODY,1,2026-01-27 00:05:30
D-KIBA,B737,Boeing,737-700,2025,FN,TURBOFAN,2,132,NARROW_BODY,1,2026-01-30 06:38:03
N62878,C172,Cessna,172 Skyhawk,1993,DU,PISTON,1,2,GA,1,2026-02-07 09:48:55
G-ARAF,A320,Airbus,A320-200,2010,HE,TURBOFAN,2,157,NARROW_BODY,1,2026-01-30 13:14:02
VH-SUX,A333,Airbus,A330-300,2017,GMY,TURBOFAN,2,298,WIDE_BODY,1,2026-01-29 14:24:55
VH-IWM,A359,Airbus,A350-900,2005,MZ,TURBOFAN,2,337,WIDE_BODY,1,2026-02-06 04:19:53
VH-CDM,B737,Boeing,737-700,2006,IW,TURBOFAN,2,132,NARROW_BODY,1,2026-02-05 21:45:44
F-QTNZ,B789,Boeing,787-9,2017,WW,TURBOFAN,2,274,WIDE_BODY,1,2026-02-01 09:10:08
N76334,B739,Boeing,737-900ER,1992,DU,TURBOFAN,2,184,NARROW_BODY,0,2026-02-14 22:25:04
JA9207,B738,Boeing,737-800,2011,RI,TURBOFAN,2,166,NARROW_BODY,1,2026-02-08 21:33:52
MY-JJM,A321,Airbus,A321-200,2009,VYS,TURBOFAN,2,217,NARROW_BODY,1,2026-02-09 21:30:55
N5172H,B739,Boeing,737-900ER,2008,DU,TURBOFAN,2,,NARROW_BODY,1,2026-02-10 19:54:38
N4999J,BE20,Beechcraft,King Air 200,2014,DU,TURBOPROP,2,11,GA,1,2026-02-11 10:06:00
D-SNMR,A321,Airbus,A321-200,2023,FN,TURBOFAN,2,194,NARROW_BODY,1,2026-02-05 11:35:37
G-QGLR,B738,Boeing,737-800,2009,RYD,TURBOFAN,2,178,NARROW_BODY,0,2026-02-09 15:03:01
N514G,A319,Airbus,A319,2008,ZC,TURBOFAN,2,148,NARROW_BODY,1,2026-01-28 11:34:03
N227IZ,B738,Boeing,737-800,2013,DU,TURBOFAN,2,163,NARROW_BODY,1,2026-01-28 04:18:30
F-FEYL,A319,Airbus,A319,2015,WL,TURBOFAN,2,136,NARROW_BODY,1,2026-02-08 14:13:54
D-CQCC,A319,Airbus,A319,1986,FN,TURBOFAN,2,145,NARROW_BODY,1,2026-01-24 21:50:04
N050NZ,A320,Airbus,A320-200,2007,ZC,TURBOFAN,2,170,NARROW_BODY,1,2026-01-19 02:58:58
D-RJBJ,CRJ9,Bombardier,CRJ900,2001,FN,TURBOFAN,2,76,REGIONAL,1,2026-01-28 22:59:10
SV-JQR,BE20,Beechcraft,King Air 200,2003,IS,TURBOPROP,2,8,GA,0,2026-02-01 19:45:21
PK-PCL,B789,Boeing,787-9,2015,NJ,TURBOFAN,2,314,WIDE_BODY,1,2026-02-12 14:05:15
N51736ZM,A333,Airbus,A330-300,2011,NF,TURBOFAN,2,302,WIDE_BODY,1,2026-02-05 15:35:47
N933F,PA28,Piper,PA-28 Cherokee,2010,DU,PISTON,1,2,GA,1,2026-01-22 12:20:19
N03977QO,A321,Airbus,A321-200,2025,NF,TURBOFAN,2,184,NARROW_BODY,1,2026-02-11 20:20:18
D-ODIJ,B789,Boeing,787-9,2017,FN,TURBOFAN,2,297,WIDE_BODY,1,2026-01-29 14:54:16
PF-KNL,B737,Boeing,737-700,1989,LH,TURBOFAN,2,133,NARROW_BODY,1,2026-01-19 06:22:08
G-NRHW,A320,Airbus,A320-200,2023,HE,TURBOFAN,2,153,NARROW_BODY,1,2026-01-30 04:13:46
D-FTYU,B77W,Boeing,777-300ER,2021,FN,TURBOFAN,2,369,WIDE_BODY,0,2026-02-09 17:39:12
N0729WK,B739,Boeing,737-900ER,1997,DU,TURBOFAN,2,183,NARROW_BODY,1,2026-01-26 06:03:46
UF-QJW,B77W,Boeing,777-300ER,1996,ET,TURBOFAN,2,374,WIDE_BODY,0,2026-01-27 17:30:23
D-DNIL,E170,Embraer,E170,1996,FN,TURBOFAN,2,72,REGIONAL,1,2026-01-29 05:00:08
C-URUW,E190,Embraer,E190,2017,IH,TURBOFAN,2,110,REGIONAL,1,2026-02-11 15:18:58
N46053SH,E175,Embraer,E175,1990,ZC,TURBOFAN,2,77,REGIONAL,1,2026-01-22 08:52:52
n0858dt,B738,Boeing,737-800,2014,DU,TURBOFAN,2,165,NARROW_BODY,1,2026-02-08 17:29:04
CG-TCD,B738,Boeing,737-800,2008,GZ,TURBOFAN,2,165,NARROW_BODY,1,2026-02-17 11:01:38
N565P,C172,Cessna,172 Skyhawk,2023,NF,PISTON,1,2,GA,1,2026-02-08 08:00:18
G-HSKO,B738,Boeing,737-800,2010,WZ,TURBOFAN,2,188,NARROW_BODY,1,2026-01-26 07:46:10
TZ-SFJ,B738,Boeing,737-800,2021,YO,TURBOFAN,2,179,NARROW_BODY,1,2026-02-10 00:17:47
NR-KIC,A321,Airbus,A321-200,2025,YW,TURBOFAN,2,187,NARROW_BODY,1,2026-02-06 12:05:27
N173C,B739,Boeing,737-900ER,2009,DU,TURBOFAN,2,198,NARROW_BODY,1,2026-01-18 23:22:35
N95584,A320,Airbus,A320-200,2010,DU,TURBOFAN,2,172,NARROW_BODY,1,2026-02-11 07:53:49
N644Z,B738,Boeing,737-800,2021,ER,TURBOFAN,2,169,NARROW_BODY,1,2026-01-27 16:44:40
JA3786,B738,Boeing,737-800,1988,VH,TURBOFAN,2,162,NARROW_BODY,1,2026-02-03 14:05:11
TM-NZX,PA28,Piper,PA-28 Cherokee,2009,NJ,PISTON,1,2,GA,1,2026-02-17 02:37:59
D-VWNP,B737,Boeing,737-700,2015,FN,TURBOFAN,2,147,NARROW_BODY,1,2026-01-23 01:11:10
XA-MEZ,E190,Embraer,E190,2010,RME,TURBOFAN,2,,REGIONAL,1,2026-02-11 17:48:13
XY-YNX,A359,Airbus,A350-900,2019,XB,TURBOFAN,2,287,WIDE_BODY,1,2026-01-18 13:58:56
AL-FNX,B737,Boeing,737-700,2007,NJ,TURBOFAN,2,126,NARROW_BODY,1,2026-02-05 07:41:55
N964,A320,Airbus,A320-200,2006,DU,TURBOFAN,2,140,NARROW_BODY,1,2026-02-07 19:53:56
XA-RYY,A321,Airbus,A321-200,2014,RME,TURBOFAN,2,196,NARROW_BODY,1,2026-01-24 09:44:55
YV-KCC,B739,Boeing,737-900ER,1987,NJ,TURBOFAN,2,202,NARROW_BODY,1,2026-02-05 23:34:43
HC-LQS,A320,Airbus,A320-200,1989,NJ,TURBOFAN,2,147,NARROW_BODY,1,2026-02-05 10:56:17
N19562,A320,Airbus,A320-200,2004,DU,TURBOFAN,2,152,NARROW_BODY,1,2026-01-27 18:26:52
G-ZFLB,E170,Embraer,E170,2000,RYD,TURBOFAN,2,70,REGIONAL,1,2026-01-30 19:31:48
XA-BTF,E175,Embraer,E175,2009,RME,TURBOFAN,2,77,REGIONAL,1,2026-02-05 05:13:09
N373NJ,A320,Airbus,A320-200,2016,NF,TURBOFAN,2,177,NARROW_BODY,1,2026-02-12 07:12:07
G-ESYB,CRJ7,Bombardier,CRJ700,2005,CF,TURBOFAN,2,70,REGIONAL,1,2026-02-07 15:46:51
D-TVOJ,B737,Boeing,737-700,2010,FN,TURBOFAN,2,148,NARROW_BODY,1,2026-01-27 07:00:12
SD-BOU,A320,Airbus,A320-200,2024,RVT,TURBOFAN,2,165,NARROW_BODY,1,2026-01-22 14:45:16
N6205SW,E190,Embraer,E190,2020,DU,TURBOFAN,2,112,REGIONAL,1,2026-01-22 23:22:20
N20189W,B788,Boeing,787-8,1987,KP,TURBOFAN,2,274,WIDE_BODY,1,2026-01-19 02:03:53
N29603ZE,A321,Airbus,A321-200,2021,UD,TURBOFAN,2,212,NARROW_BODY,0,2026-01-20 03:34:42
OV-FGP,B77W,Boeing,777-300ER,2022,WAI,TURBOFAN,2,359,WIDE_BODY,1,2026-01-27 09:35:33
EM-SQA,A320,Airbus,A320-200,1987,VYS,TURBOFAN,2,165,NARROW_BODY,1,2026-02-10 11:54:40
F-SVPJ,B788,Boeing,787-8,1998,DN,TURBOFAN,2,288,WIDE_BODY,1,2026-02-11 01:07:37
D-YCTI,E175,Embraer,E175,2016,FN,TURBOFAN,2,78,REGIONAL,1,2026-01-21 03:21:27
N6181C,A321,Airbus,A321-200,2019,NF,TURBOFAN,2,179,NARROW_BODY,1,2026-02-06 13:47:01
VH-KWV,E175,Embraer,E175,1987,MZ,TURBOFAN,2,77,REGIONAL,1,2026-02-03 18:47:22
D-PENP,B739,Boeing,737-900ER,2015,FN,TURBOFAN,2,199,NARROW_BODY,1,2026-02-03 12:44:28
N77897,B739,Boeing,737-900ER,2006,DU,TURBOFAN,2,208,NARROW_BODY,1,2026-01-25 05:42:47
G-DTJM,A320,Airbus,A320-200,2006,HE,TURBOFAN,2,178,NARROW_BODY,1,2026-02-01 06:36:42
N5835N,E170,Embraer,E170,2025,NF ,TURBOFAN,2,,REGIONAL,1,2026-02-13 05:28:23
D-XBJW,A359,Airbus,A350-900,2013,FN,TURBOFAN,2,338,WIDE_BODY,1,2026-01-21 16:34:56
ZS-JAZ,A320,Airbus,A320-200,2011,MO,TURBOFAN,2,146,NARROW_BODY,1,2026-02-13 21:10:41
N581,A320,Airbus,A320-200,2002,KP,TURBOFAN,2,173,NARROW_BODY,1,2026-02-02 22:10:30
N807EK,A320,Airbus,A320-200,2007,FI,TURBOFAN,2,175,NARROW_BODY,1,2026-02-04 22:28:18
VH-NZD,B789,Boeing,787-9,2009,GMY,TURBOFAN,2,274,WIDE_BODY,1,2026-01-21 07:30:06
JB-JLH,CRJ9,Bombardier,CRJ900,1990,NJ,TURBOFAN,2,85,REGIONAL,1,2026-02-05 20:03:15
G-OQAG,B772,Boeing,777-200,2022,SA,TURBOFAN,2,,WIDE_BODY,0,2026-01-24 23:27:03
KF-TSZ,A319,Airbus,A319,2014,IS,TURBOFAN,2,145,NARROW_BODY,1,2026-01-24 00:24:56
N214CS,A319,Airbus,A319,2025,ZC,TURBOFAN,2,133,NARROW_BODY,1,2026-02-09 15:29:36
N7338B,E170,Embraer,E170,2023,DU,TURBOFAN,2,72,REGIONAL,1,2026-01-18 19:58:27
TI-WUX,B788,Boeing,787-8,2005,WO,TURBOFAN,2,250,WIDE_BODY,1,2026-02-09 14:59:52
ZZ-TLY,B737,Boeing,737-700,2022,NJ,TURBOFAN,2,141,NARROW_BODY,1,2026-02-03 13:11:04
YJ-RNG,A319,Airbus,A319,2023,FO,TURBOFAN,2,,NARROW_BODY,1,2026-02-14 16:38:55
EK-BKM,B739,Boeing,737-900ER,1992,UH,TURBOFAN,2,209,NARROW_BODY,1,2026-01-25 21:32:02
KB-IPF,A332,Airbus,A330-200,2012,NJ,TURBOFAN,2,269,WIDE_BODY,1,2026-02-09 21:40:31
N934F,B739,Boeing,737-900ER,2000,DU,TURBOFAN,2,207,NARROW_BODY,1,2026-02-08 21:56:56
N28108I,B772,Boeing,777-200,2014,IKQ,TURBOFAN,2,322,WIDE_BODY,1,2026-01-25 01:59:34
C-KAUP,E190,Embraer,E190,1995,IH,TURBOFAN,2,114,REGIONAL,1,2026-02-02 02:21:35
N45048,A321,Airbus,A321-200,2023,DU,TURBOFAN,2,207,NARROW_BODY,1,2026-02-06 20:24:46
JA2169,B738,Boeing,737-800,2005,CAH,TURBOFAN,2,160,NARROW_BODY,1,2026-02-02 13:29:10
JO-NTC,A333,Airbus,A330-300,1989,NJ,TURBOFAN,2,271,WIDE_BODY,1,2026-01-27 07:17:39
YW-ZUC,A321,Airbus,A321-200,2022,WAI,TURBOFAN,2,196,NARROW_BODY,1,2026-01-22 00:27:58
fl-jfm,B789,Boeing,787-9,1994,NJ,TURBOFAN,2,286,WIDE_BODY,1,2026-01-29 05:58:35
C-VUKG,BE20,Beechcraft,King Air 200,2000,KF,TURBOPROP,2,8,GA,1,2026-01-30 06:54:45
N2916,A320,Airbus,A320-200,2022,NF,TURBOFAN,2,167,NARROW_BODY,1,2026-01-29 12:15:51
EI-UNQ,E170,Embraer,E170,2025,DI,TURBOFAN,2,76,REGIONAL,1,2026-01-21 14:56:43
N079,A320,Airbus,A320-200,2013,DU,TURBOFAN,2,148,NARROW_BODY,0,2026-01-31 01:53:07
N7629AZ,B739,Boeing,737-900ER,2014,DU,TURBOFAN,2,209,NARROW_BODY,1,2026-02-11 12:11:21
EI-VKM,B738,Boeing,737-800,1986,UG,TURBOFAN,2,175,NARROW_BODY,0,2026-02-13 18:12:58
EI-HXR,B738,Boeing,737-800,2013,GSH,TURBOFAN,2,163,NARROW_BODY,0,2026-01-31 15:05:40
D-FAAN,B737,Boeing,737-700,1998,FN,TURBOFAN,2,137,NARROW_BODY,1,2026-02-01 13:30:55
F-CSQM,B789,Boeing,787-9,2015,CFR,TURBOFAN,2,320,WIDE_BODY,1,2026-02-08 02:12:08
EI-UPE,AT72,ATR,ATR 72-600,2011,DI,TURBOPROP,2,71,REGIONAL,1,2026-01-26 19:18:55
OJ-QBE,B738,Boeing,737-800,1993,NJ,TURBOFAN,2,168,NARROW_BODY,1,2026-01-22 17:03:06
EI-BRJ,B737,Boeing,737-700,2014,UG,TURBOFAN,2,126,NARROW_BODY,1,2026-02-16 22:25:34
XA-HFF,A321,Airbus,A321-200,2024,RME,TURBOFAN,2,208,NARROW_BODY,1,2026-02-13 19:57:01
F-BMBH,B739,Boeing,737-900ER,1992,CFR,TURBOFAN,2,190,NARROW_BODY,1,2026-02-05 23:40:31
D-HVKX,B739,Boeing,737-900ER,2013,FN,TURBOFAN,2,201,NARROW_BODY,1,2026-02-14 02:12:25
CU-MBH,E190,Embraer,E190,2020,HRF,TURBOFAN,2,99,REGIONAL,1,2026-01-18 11:07:53
SF-CSV,B763,Boeing,767-300ER,2021,VYS,TURBOFAN,2,216,WIDE_BODY,1,2026-02-15 08:56:22
N6951W,B738,Boeing,737-800,2019,DU,TURBOFAN,2,180,NARROW_BODY,1,2026-02-11 12:33:06
N2220VG,A321,Airbus,A321-200,2016,DU ,TURBOFAN,2,214,NARROW_BODY,1,2026-01-24 10:52:10
EI-FPN,A320,Airbus,A320-200,2025,DI,TURBOFAN,2,159,NARROW_BODY,1,2026-02-09 23:42:18
QF-KBL,A319,Airbus,A319,2022,NJ,TURBOFAN,2,130,NARROW_BODY,1,2026-02-12 06:15:39
G-LGYC,B788,Boeing,787-8,1999,JBG,TURBOFAN,2,272,WIDE_BODY,1,2026-01-27 00:55:40
KP-NML,E170,Embraer,E170,2023,UH,TURBOFAN,2,69,REGIONAL,0,2026-02-06 19:17:52
WS-KKF,E170,Embraer,E170,2024,YW,TURBOFAN,2,70,REGIONAL,1,2026-02-09 03:51:48
NS-MHX,B737,Boeing,737-700,2005,QV,TURBOFAN,2,147,NARROW_BODY,1,2026-02-08 08:51:17
ZW-ETA,A319,Airbus,A319,2007,WO,TURBOFAN,2,124,NARROW_BODY,1,2026-02-05 10:45:23
N11037M,E190,Embraer,E190,2008,KP ,TURBOFAN,2,104,REGIONAL,1,2026-02-05 03:44:06
N42561W,CRJ7,Bombardier,CRJ700,2015,DU,TURBOFAN,2,71,REGIONAL,1,2026-02-05 14:25:04
D-JCHQ,A320,Airbus,A320-200,2007,FN,TURBOFAN,2,173,NARROW_BODY,1,2026-01-31 12:41:34
XA-NIP,A321,Airbus,A321-200,2007,RME,TURBOFAN,2,206,NARROW_BODY,0,2026-01-31 14:50:42
EC-ZQR,B738,Boeing,737-800,2004,FK,TURBOFAN,2,162,NARROW_BODY,1,2026-02-16 16:57:37
JV-BDW,E170,Embraer,E170,2021,NDR,TURBOFAN,2,76,REGIONAL,0,2026-01-21 05:48:24
N209,A320,Airbus,A320-200,2023,ZC,TURBOFAN,2,164,NARROW_BODY,1,2026-02-12 16:47:13
N17241C,A319,Airbus,A319,2023,IKQ,TURBOFAN,2,153,NARROW_BODY,1,2026-01-30 05:05:41
RJ-JMY,B738,Boeing,737-800,2008,NJ,TURBOFAN,2,160,NARROW_BODY,0,2026-01-28 00:43:16
PH-QXW,B738,Boeing,737-800,1998,ZN,TURBOFAN,2,172,NARROW_BODY,1,2026-01-25 23:55:00
N15856,E175,Embraer,E175,1994,DU,TURBOFAN,2,86,REGIONAL,1,2026-02-07 12:12:34
EQ-SYU,BE20,Beechcraft,King Air 200,2001,WAI,TURBOPROP,2,8,GA,1,2026-02-11 14:06:41
YH-MEG,B738,Boeing,737-800,2017,XB,TURBOFAN,2,186,NARROW_BODY,1,2026-01-27 03:30:12
N25624R,B789,Boeing,787-9,2018,DU,TURBOFAN,2,302,WIDE_BODY,1,2026-01-29 17:36:47
OA-HQX,C172,Cessna,172 Skyhawk,,NJ,PISTON,1,3,GA,0,2026-01-25 17:58:32
FX-NNE,E170,Embraer,E170,1995,VYS,TURBOFAN,2,77,REGIONAL,1,2026-02-10 15:58:09
JM-ROY,B739,Boeing,737-900ER,2021,WAI,TURBOFAN,2,196,NARROW_BODY,1,2026-02-01 17:33:01
TG-RMR,A320,Airbus,A320-200,2003,WO,TURBOFAN,2,155,NARROW_BODY,1,2026-02-09 00:24:16
D-ATLJ,A320,Airbus,A320-200,2013,QX,TURBOFAN,2,151,NARROW_BODY,1,2026-01-26 15:24:36
HF-EVV,A321,Airbus,A321-200,,NJ,TURBOFAN,2,171,NARROW_BODY,1,2026-02-07 13:59:09
IR-YSN,E195,Embraer,E195,1988,HA,TURBOFAN,2,118,REGIONAL,1,2026-01-31 03:47:29
PH-BCU,E170,Embraer,E170,2001,ZN,TURBOFAN,2,73,REGIONAL,1,2026-01-19 06:20:26
JW-EHN,BE20,Beechcraft,King Air 200,1978,XB,TURBOPROP,2,12,GA,1,2026-02-12 01:56:55
FX-BFV,C172,Cessna,172 Skyhawk,2013,NJ,PISTON,1,2,GA,1,2026-01-21 02:11:12
D-PPCO,B739,Boeing,737-900ER,2017,FN,TURBOFAN,2,182,NARROW_BODY,1,2026-01-24 08:32:59
VH-ABU,B77W,Boeing,777-300ER,2017,GMY,TURBOFAN,2,405,WIDE_BODY,1,2026-02-16 14:02:41
DL-XZJ,PA28,Piper,PA-28 Cherokee,1976,NJ,PISTON,1,2,GA,0,2026-01-28 09:52:14
SV-BDE,AT72,ATR,ATR 72-600,1990,WO,TURBOPROP,2,73,REGIONAL,1,2026-02-03 06:26:29
D-FSVX,A320,Airbus,A320-200,2020,FN,TURBOFAN,2,159,NARROW_BODY,1,2026-01-21 16:41:33
BX-SQH,B738,Boeing,737-800,2002,NJ,TURBOFAN,2,186,NARROW_BODY,0,2026-02-06 06:31:59
XA-GLT,B737,Boeing,737-700,2013,RME,TURBOFAN,2,141,NARROW_BODY,1,2026-02-04 08:12:22
MW-KBF,B789,Boeing,787-9,1987,RVT,TURBOFAN,2,263,WIDE_BODY,1,2026-01-31 13:54:19
C-TFAS,B739,Boeing,737-900ER,2019,KF,TURBOFAN,2,183,NARROW_BODY,1,2026-01-21 14:29:33
OO-NEJ,B739,Boeing,737-900ER,2016,NJ,TURBOFAN,2,188,NARROW_BODY,1,2026-02-03 20:05:15
KQ-JRU,A333,Airbus,A330-300,2022,HKD,TURBOFAN,2,,WIDE_BODY,1,2026-02-01 21:08:49
XA-JQO,A320,Airbus,A320-200,2009,RME,TURBOFAN,2,145,NARROW_BODY,1,2026-01-18 20:02:33
N1616,B737,Boeing,737-700,2010,MBN,TURBOFAN,2,127,NARROW_BODY,1,2026-01-23 20:45:22
N9088SP,E175,Embraer,E175,2001,DU,TURBOFAN,2,84,REGIONAL,1,2026-01-23 15:43:38
LH-APJ,CRJ9,Bombardier,CRJ900,2023,YO,TURBOFAN,2,81,REGIONAL,1,2026-02-03 04:31:07
PV-NUN,B739,Boeing,737-900ER,2018,WO,TURBOFAN,2,193,NARROW_BODY,1,2026-01-20 04:14:53
YF-NOO,A320,Airbus,A320-200,2011,QO,TURBOFAN,2,147,NARROW_BODY,1,2026-01-22 20:14:46
F-OXIU,B789,Boeing,787-9,2013,CFR,TURBOFAN,2,280,WIDE_BODY,1,2026-02-11 20:39:23
N966U,A320,Airbus,A320-200,2002,NF,TURBOFAN,2,174,NARROW_BODY,1,2026-01-28 16:13:05
N4956,A321,Airbus,A321-200,2020,SI,TURBOFAN,2,170,NARROW_BODY,1,2026-01-28 03:23:33
XA-LRZ,E175,Embraer,E175,1998,RME,TURBOFAN,2,84,REGIONAL,1,2026-01-31 06:15:30
N5690XY,A321,Airbus,A321-200,2023,DU,TURBOFAN,2,198,NARROW_BODY,1,2026-01-27 07:30:40
D-YCXP,B772,Boeing,777-200,2007,FN,TURBOFAN,2,324,WIDE_BODY,1,2026-02-08 21:13:50
OX-PVL,A321,Airbus,A321-200,2005,HRF,TURBOFAN,2,218,NARROW_BODY,1,2026-02-10 12:17:27
F-WIJE,E170,Embraer,E170,2007,WW,TURBOFAN,2,73,REGIONAL,1,2026-02-09 05:51:14
G-DFVT,B763,Boeing,767-300ER,1999,JBG,TURBOFAN,2,279,WIDE_BODY,1,2026-01-24 18:08:21
N14979,B738,Boeing,737-800,2006,DU,TURBOFAN,2,175,NARROW_BODY,1,2026-02-10 19:43:20
N01347US,A320,Airbus,A320-200,2000,DU,TURBOFAN,2,167,NARROW_BODY,1,2026-01-23 03:46:19
AD-JYR,A320,Airbus,A320-200,2002,WAI,TURBOFAN,2,171,NARROW_BODY,1,2026-01-24 08:23:55
N446EK,B77W,Boeing,777-300ER,2001,DU,TURBOFAN,2,387,WIDE_BODY,1,2026-01-31 12:51:27
MU-KJM,A321,Airbus,A321-200,1986,UH,TURBOFAN,2,218,NARROW_BODY,1,2026-01-26 18:07:57
N31888KG,E190,Embraer,E190,2008,SI,TURBOFAN,2,102,REGIONAL,1,2026-01-28 14:36:02
KX-GSI,A319,Airbus,A319,2017,NJ,TURBOFAN,2,152,NARROW_BODY,1,2026-01-20 16:06:34
DO-YAJ,B739,Boeing,737-900ER,2018,RVT,TURBOFAN,2,202,NARROW_BODY,1,2026-01-21 14:57:30
N8289K,B739,Boeing,737-900ER,2016,OD,TURBOFAN,2,180,NARROW_BODY,1,2026-02-16 11:47:31
AQ-RAT,C172,Cessna,172 Skyhawk,2006,IS,PISTON,1,2,GA,1,2026-02-04 08:33:20
TO-XCP,C208,Cessna,208 Caravan,2017,WO,TURBOPROP,1,11,GA,1,2026-02-16 07:49:36
PH-LFK,A359,Airbus,A350-900,1999,ZN,TURBOFAN,2,348,WIDE_BODY,1,2026-01-24 08:02:21
D-AULM,B738,Boeing,737-800,1989,OQQ,TURBOFAN,2,170,NARROW_BODY,1,2026-02-13 09:41:08
QM-SOG,B789,Boeing,787-9,2014,MO,TURBOFAN,2,279,WIDE_BODY,1,2026-02-10 03:39:04
OM-MYG,A321,Airbus,A321-200,2007,ET,TURBOFAN,2,202,NARROW_BODY,1,2026-02-13 12:14:56
DF-WCX,C172,Cessna,172 Skyhawk,2021,LH ,PISTON,1,3,GA,1,2026-01-21 21:43:35
VH-HIX,B737,Boeing,737-700,2015,MZ,TURBOFAN,2,130,NARROW_BODY,1,2026-02-07 12:54:41
IT-ZYE,PA28,Piper,PA-28 Cherokee,2005,ET,PISTON,1,3,GA,1,2026-01-25 14:57:44
N0650OF,B738,Boeing,737-800,2016,NF,TURBOFAN,2,168,NARROW_BODY,1,2026-01-27 18:36:28
N25121CU,A321,Airbus,A321-200,2025,NF,TURBOFAN,2,194,NARROW_BODY,1,2026-01-19 17:11:56
AG-FYP,B739,Boeing,737-900ER,1992,ET,TURBOFAN,2,180,NARROW_BODY,1,2026-02-14 22:19:19
N533J,C172,Cessna,172 Skyhawk,2001,DU,PISTON,1,4,GA,1,2026-02-09 09:35:14
UR-OLJ,PA28,Piper,PA-28 Cherokee,1975,NJ,PISTON,1,3,GA,1,2026-01-18 12:17:59
N131IC,A320,Airbus,A320-200,2004,DU,TURBOFAN,2,172,NARROW_BODY,1,2026-01-19 00:11:00
F-HBOA,B739,Boeing,737-900ER,2020,WL,TURBOFAN,2,209,NARROW_BODY,1,2026-01-25 11:31:10
SS-EWC,A332,Airbus,A330-200,2014,RVT,TURBOFAN,2,268,WIDE_BODY,1,2026-02-14 10:30:45
N8837SJ,B738,Boeing,737-800,1995,DU,TURBOFAN,2,172,NARROW_BODY,1,2026-02-14 11:29:36
HF-NET,E175,Embraer,E175,2013,NJ,TURBOFAN,2,80,REGIONAL,1,2026-01-31 10:32:58
JA9103,B739,Boeing,737-900ER,2013,VH,TURBOFAN,2,190,NARROW_BODY,1,2026-02-06 21:41:27
G-YWTT,A321,Airbus,A321-200,2006,JBG,TURBOFAN,2,215,NARROW_BODY,1,2026-02-03 22:06:39
C-HSGM,B739,Boeing,737-900ER,2018,IM,TURBOFAN,2,213,NARROW_BODY,1,2026-02-09 04:30:34
JV-UFS,A321,Airbus,A321-200,2011,NK,TURBOFAN,2,220,NARROW_BODY,1,2026-01-23 13:07:16
N443JP,E175,Embraer,E175,1996,LP,TURBOFAN,2,77,REGIONAL,1,2026-02-17 01:55:29
EI-EOT,E175,Embraer,E175,2009,UG,TURBOFAN,2,83,REGIONAL,1,2026-01-27 08:21:06
KB-YGY,B738,Boeing,737-800,2014,NJ,TURBOFAN,2,173,NARROW_BODY,1,2026-02-04 09:17:55
D-ZYFZ,B763,Boeing,767-300ER,2010,FN,TURBOFAN,2,252,WIDE_BODY,1,2026-02-14 20:26:43
EI-ADW,B738,Boeing,737-800,2001,GSH,TURBOFAN,2,165,NARROW_BODY,1,2026-02-07 14:14:22
EC-OKF,B737,Boeing,737-700,2006,NDR,TURBOFAN,2,140,NARROW_BODY,1,2026-02-12 19:28:58
RW-PNJ,A321,Airbus,A321-200,2022,IS,TURBOFAN,2,171,NARROW_BODY,1,2026-01-18 22:08:49
KC-FMB,A320,Airbus,A320-200,2001,RVT,TURBOFAN,2,161,NARROW_BODY,1,2026-02-08 17:33:23
D-KERV,A320,Airbus,A320-200,2001,FN,TURBOFAN,2,162,NARROW_BODY,1,2026-02-12 12:58:53
RA-QRK,E175,Embraer,E175,1991,NJ,TURBOFAN,2,80,REGIONAL,1,2026-01-26 14:31:27
N953CA,B763,Boeing,767-300ER,2020,FI,TURBOFAN,2,243,WIDE_BODY,1,2026-01-18 15:09:32
JX-RGI,E175,Embraer,E175,2000,NJ ,TURBOFAN,2,84,REGIONAL,1,2026-02-03 05:28:40
EI-ATG,B738,Boeing,737-800,1986,UG,TURBOFAN,2,164,NARROW_BODY,1,2026-01-27 12:51:30
D-YVOB,B763,Boeing,767-300ER,1999,FN,TURBOFAN,2,222,WIDE_BODY,1,2026-02-13 15:21:33
N68841,C172,Cessna,172 Skyhawk,2022,DU,PISTON,1,4,GA,1,2026-02-05 15:08:05
RE-NBK,B739,Boeing,737-900ER,1989,YW,TURBOFAN,2,197,NARROW_BODY,1,2026-01-28 08:24:12
EI-FSF,B738,Boeing,737-800,2024,DI,TURBOFAN,2,182,NARROW_BODY,1,2026-01-26 02:26:15
IJ-LMT,BE20,Beechcraft,King Air 200,1981,WO,TURBOPROP,2,9,GA,0,2026-01-20 17:29:55
VH-JHI,C172,Cessna,172 Skyhawk,1994,GMY,PISTON,1,4,GA,1,2026-02-16 07:51:15
N6802,A332,Airbus,A330-200,2014,NF,TURBOFAN,2,289,WIDE_BODY,1,2026-01-28 23:47:32
N18973NF,A321,Airbus,A321-200,2012,DU,TURBOFAN,2,,NARROW_BODY,1,2026-01-26 15:28:22
N19369E,B739,Boeing,737-900ER,1988,DU,TURBOFAN,2,188,NARROW_BODY,1,2026-02-13 13:19:51
N6906KN,A321,Airbus,A321-200,1999,NF,TURBOFAN,2,180,NARROW_BODY,1,2026-02-05 20:18:15
D-FLGP,A321,Airbus,A321-200,2025,FN,TURBOFAN,2,181,NARROW_BODY,0,2026-01-24 04:20:03
N90068W,B739,Boeing,737-900ER,1991,KP,TURBOFAN,2,196,NARROW_BODY,1,2026-01-18 23:56:51
KV-TJS,B737,Boeing,737-700,2010,UH,TURBOFAN,2,140,NARROW_BODY,1,2026-02-11 10:35:24
N4397,B737,Boeing,737-700,2005,DU,TURBOFAN,2,146,NARROW_BODY,1,2026-01-26 05:14:10
US-OPT,A321,Airbus,A321-200,1989,NJ,TURBOFAN,2,171,NARROW_BODY,1,2026-01-30 20:31:21
N27612G,C172,Cessna,172 Skyhawk,1983,DU,PISTON,1,2,GA,0,2026-01-30 18:50:51
C-IEWI,C208,Cessna,208 Caravan,2020,IM,TURBOPROP,1,14,GA,1,2026-01-22 23:10:53
N227,A320,Airbus,A320-200,2018,KP,TURBOFAN,2,171,NARROW_BODY,1,2026-02-16 20:54:43
F-RKCI,E175,Embraer,E175,1993,CFR,TURBOFAN,2,84,REGIONAL,1,2026-02-13 14:33:50
N98271GH,B789,Boeing,787-9,2024,DU,TURBOFAN,2,317,WIDE_BODY,1,2026-01-23 02:18:11
EI-WBU,A333,Airbus,A330-300,1992,DI,TURBOFAN,2,,WIDE_BODY,1,2026-01-22 03:13:17
D-SLQP,A319,Airbus,A319,2025,FN,TURBOFAN,2,153,NARROW_BODY,0,2026-02-05 05:49:10
YH-WGH,E170,Embraer,E170,2017,LH,TURBOFAN,2,76,REGIONAL,1,2026-02-08 14:52:17
XA-LHY,C172,Cessna,172 Skyhawk,2021,RME,PISTON,1,2,GA,1,2026-02-12 04:28:07
EI-HPO,B738,Boeing,737-800,1987,DI,TURBOFAN,2,166,NARROW_BODY,1,2026-02-09 19:06:35
N29483,CRJ9,Bombardier,CRJ900,2011,DU,TURBOFAN,2,81,REGIONAL,1,2026-02-02 03:43:17
ZJ-UZT,B737,Boeing,737-700,1996,NJ,TURBOFAN,2,132,NARROW_BODY,1,2026-02-03 03:39:49
N642,B738,Boeing,737-800,2005,DU,TURBOFAN,2,183,NARROW_BODY,1,2026-01-19 16:18:05
D-MHPJ,B772,Boeing,777-200,1993,FN,TURBOFAN,2,317,WIDE_BODY,1,2026-02-03 15:58:07
DD-HFC,B737,Boeing,737-700,2009,NJ,TURBOFAN,2,143,NARROW_BODY,1,2026-02-04 19:22:01
N73894,B772,Boeing,777-200,1991,IKQ,TURBOFAN,2,329,WIDE_BODY,1,2026-02-04 21:20:23
MB-NXN,A332,Airbus,A330-200,1991,XB,TURBOFAN,2,272,WIDE_BODY,1,2026-01-22 07:22:06
VH-UNU,PA28,Piper,PA-28 Cherokee,1999,GMY,PISTON,1,3,GA,1,2026-02-13 21:58:42
n31547vl,CRJ7,Bombardier,CRJ700,1994,DU,TURBOFAN,2,70,REGIONAL,1,2026-02-16 13:08:23
N46753WD,A359,Airbus,A350-900,2014,DU,TURBOFAN,2,303,WIDE_BODY,1,2026-01-22 13:38:42
G-IFFH,B763,Boeing,767-300ER,2003,ANL,TURBOFAN,2,237,WIDE_BODY,1,2026-02-16 03:19:27
TT-JLK,E190,Embraer,E190,2006,NJ,TURBOFAN,2,114,REGIONAL,1,2026-02-12 22:56:48
YT-JZK,A320,Airbus,A320-200,2001,ET,TURBOFAN,2,172,NARROW_BODY,1,2026-02-05 01:41:56
D-CJIB,A319,Airbus,A319,2023,FN,TURBOFAN,2,,NARROW_BODY,1,2026-02-13 08:44:01
N0810ES,B763,Boeing,767-300ER,2009,DU,TURBOFAN,2,236,WIDE_BODY,1,2026-02-03 05:39:31
D-TVEW,B739,Boeing,737-900ER,1987,FN,TURBOFAN,2,181,NARROW_BODY,1,2026-01-30 08:20:09
D-AWXB,A321,Airbus,A321-200,2009,FN,TURBOFAN,2,216,NARROW_BODY,1,2026-02-09 18:50:33
D-MKXL,E175,Embraer,E175,2025,FN,TURBOFAN,2,86,REGIONAL,1,2026-01-25 08:15:47
SM-TWF,A332,Airbus,A330-200,2001,RVT,TURBOFAN,2,254,WIDE_BODY,1,2026-02-12 20:41:22
N3965ZG,B789,Boeing,787-9,2015,DU,TURBOFAN,2,283,WIDE_BODY,1,2026-01-20 08:06:49
N068,B738,Boeing,737-800,1990,DU,TURBOFAN,2,160,NARROW_BODY,1,2026-01-31 18:27:08
GL-TRN,AT72,ATR,ATR 72-600,2002,NJ,TURBOPROP,2,68,REGIONAL,1,2026-01-24 19:19:01
C-ULAO,C208,Cessna,208 Caravan,1977,KF,TURBOPROP,1,9,GA,1,2026-01-31 14:06:55
KY-ZFV,B739,Boeing,737-900ER,2000,NJ,TURBOFAN,2,192,NARROW_BODY,1,2026-01-31 06:45:39
N29531,B788,Boeing,787-8,2021,NF,TURBOFAN,2,288,WIDE_BODY,1,2026-01-22 05:01:26
D-HXZX,B739,Boeing,737-900ER,2002,FN,TURBOFAN,2,199,NARROW_BODY,1,2026-02-05 06:18:25
XA-TDM,B738,Boeing,737-800,1997,RME,TURBOFAN,2,167,NARROW_BODY,1,2026-01-28 02:56:44
XD-TYD,B739,Boeing,737-900ER,2010,YW,TURBOFAN,2,197,NARROW_BODY,1,2026-02-16 22:34:48
N2174,A359,Airbus,A350-900,2020,KP,TURBOFAN,2,323,WIDE_BODY,1,2026-02-15 11:23:29
N84250PP,B738,Boeing,737-800,2010,IKQ,TURBOFAN,2,175,NARROW_BODY,1,2026-01-27 11:15:15
GN-KVZ,B737,Boeing,737-700,1986,YW,TURBOFAN,2,148,NARROW_BODY,1,2026-01-24 10:26:16
PO-PWR,B739,Boeing,737-900ER,1986,NJ,TURBOFAN,2,186,NARROW_BODY,1,2026-02-05 21:07:16
N6448,E190,Embraer,E190,2025,DU,TURBOFAN,2,109,REGIONAL,1,2026-02-16 05:15:12
AL-XJR,C172,Cessna,172 Skyhawk,2017,NJ,PISTON,1,3,GA,1,2026-02-01 17:02:33
N67771W,B789,Boeing,787-9,2005,DU,TURBOFAN,2,307,WIDE_BODY,1,2026-02-06 09:59:15
QT-FWM,A319,Airbus,A319,2007,WAI,TURBOFAN,2,147,NARROW_BODY,1,2026-02-09 06:45:35
N53610XR,B737,Boeing,737-700,2015,NF,TURBOFAN,2,148,NARROW_BODY,1,2026-01-31 06:55:13
D-HOCZ,B77W,Boeing,777-300ER,1999,FN,TURBOFAN,2,385,WIDE_BODY,1,2026-02-16 04:24:58
FA-GAP,B789,Boeing,787-9,2015,GZ,TURBOFAN,2,295,WIDE_BODY,0,2026-02-08 03:09:07
VH-TSZ,B739,Boeing,737-900ER,2017,GMY,TURBOFAN,2,207,NARROW_BODY,1,2026-02-06 01:40:29
VH-GND,B739,Boeing,737-900ER,2025,GMY,TURBOFAN,2,212,NARROW_BODY,1,2026-01-22 11:23:14
OZ-MOB,CRJ9,Bombardier,CRJ900,2020,WAI,TURBOFAN,2,85,REGIONAL,1,2026-02-09 03:29:59
F-BJYH,A333,Airbus,A330-300,2011,WL,TURBOFAN,2,305,WIDE_BODY,1,2026-01-27 13:10:24
N32754ZP,B738,Boeing,737-800,2022,NF,TURBOFAN,2,161,NARROW_BODY,1,2026-01-31 01:37:10
EI-FZU,A319,Airbus,A319,2015,GSH,TURBOFAN,2,125,NARROW_BODY,1,2026-01-24 10:26:21
UJ-MWE,B737,Boeing,737-700,2002,HB,TURBOFAN,2,148,NARROW_BODY,1,2026-02-05 05:30:33
IT-NAP,B739,Boeing,737-900ER,,WAI,TURBOFAN,2,203,NARROW_BODY,1,2026-02-17 09:06:45
D-OWYE,E175,Embraer,E175,2015,FN,TURBOFAN,2,84,REGIONAL,1,2026-01-31 16:53:02
VU-NVL,A320,Airbus,A320-200,2021,NJ,TURBOFAN,2,147,NARROW_BODY,1,2026-02-02 08:00:37
EI-FEP,E175,Embraer,E175,2007,DI,TURBOFAN,2,86,REGIONAL,1,2026-01-29 14:05:19
YM-UBB,A321,Airbus,A321-200,2020,MO,TURBOFAN,2,212,NARROW_BODY,1,2026-01-19 18:24:24
N57621,B738,Boeing,737-800,2010,NF,TURBOFAN,2,173,NARROW_BODY,1,2026-01-30 03:48:43
N7650,B738,Boeing,737-800,2009,UX,TURBOFAN,2,183,NARROW_BODY,1,2026-01-22 02:44:03
G-JNVR,B763,Boeing,767-300ER,2004,IIG,TURBOFAN,2,232,WIDE_BODY,1,2026-02-15 07:01:24
FF-QAX,B737,Boeing,737-700,2011,YO,TURBOFAN,2,129,NARROW_BODY,1,2026-02-17 05:36:21
FX-KEP,C172,Cessna,172 Skyhawk,2006,XB,PISTON,1,4,GA,1,2026-02-02 10:15:16
KH-XVM,B738,Boeing,737-800,2023,NJ,TURBOFAN,2,182,NARROW_BODY,1,2026-01-26 15:51:16
N139Y,A320,Airbus,A320-200,2024,DU,TURBOFAN,2,165,NARROW_BODY,1,2026-02-03 13:24:04
D-YOMD,B739,Boeing,737-900ER,2020,FN,TURBOFAN,2,210,NARROW_BODY,1,2026-02-06 08:44:10
JT-LTR,E175,Embraer,E175,2003,NJ ,TURBOFAN,2,88,REGIONAL,1,2026-02-02 00:43:18
C-MXBJ,A321,Airbus,A321-200,2021,IM,TURBOFAN,2,174,NARROW_BODY,1,2026-02-08 00:42:19
HE-OIC,B739,Boeing,737-900ER,1993,RVT,TURBOFAN,2,214,NARROW_BODY,1,2026-02-01 20:22:12
N7126OA,A319,Airbus,A319,2020,NF,TURBOFAN,2,148,NARROW_BODY,1,2026-01-18 13:22:39
VH-QMX,E190,Embraer,E190,2005,GMY,TURBOFAN,2,103,REGIONAL,1,2026-02-08 23:59:26
HB-KWW,B737,Boeing,737-700,2015,NJ,TURBOFAN,2,146,NARROW_BODY,1,2026-01-28 18:20:40
EI-IKS,A319,Airbus,A319,2003,UG,TURBOFAN,2,136,NARROW_BODY,1,2026-01-30 19:43:04
JA1163,A359,Airbus,A350-900,2021,CAH,TURBOFAN,2,332,WIDE_BODY,1,2026-02-06 22:05:45
D-AFOE,PA28,Piper,PA-28 Cherokee,2025,FN,PISTON,1,2,GA,1,2026-01-20 13:07:22
YI-YPT,B739,Boeing,737-900ER,2023,FU,TURBOFAN,2,186,NARROW_BODY,1,2026-02-13 07:13:15
D-JTYH,E175,Embraer,E175,1994,FN,TURBOFAN,2,81,REGIONAL,1,2026-01-25 09:36:36
VH-EDX,B789,Boeing,787-9,2004,MZ,TURBOFAN,2,300,WIDE_BODY,1,2026-02-03 19:27:53
TD-JJE,C172,Cessna,172 Skyhawk,1981,NJ,PISTON,1,3,GA,1,2026-02-16 11:59:32
D-BDHK,B739,Boeing,737-900ER,1999,FN,TURBOFAN,2,192,NARROW_BODY,0,2026-02-01 21:29:09
QP-ZJG,B739,Boeing,737-900ER,2008,NJ,TURBOFAN,2,181,NARROW_BODY,1,2026-02-09 08:41:43
XA-TTL,A332,Airbus,A330-200,1993,RME ,TURBOFAN,2,248,WIDE_BODY,1,2026-02-16 22:41:10
XA-RSI,A319,Airbus,A319,2025,RME,TURBOFAN,2,151,NARROW_BODY,1,2026-01-31 20:31:05
LR-UXW,A321,Airbus,A321-200,2013,QO,TURBOFAN,2,178,NARROW_BODY,1,2026-02-12 06:24:18
JA0773,A321,Airbus,A321-200,2014,VH,TURBOFAN,2,179,NARROW_BODY,1,2026-01-26 02:17:56
XY-ESC,A320,Airbus,A320-200,2010,MO,TURBOFAN,2,154,NARROW_BODY,1,2026-02-13 14:36:19
SM-TPW,B737,Boeing,737-700,2008,NJ,TURBOFAN,2,126,NARROW_BODY,1,2026-02-07 20:45:57
N139,E175,Embraer,E175,2009,DU,TURBOFAN,2,80,REGIONAL,1,2026-01-23 20:49:54
N27003BT,E175,Embraer,E175,2010,OP,TURBOFAN,2,88,REGIONAL,1,2026-01-26 19:34:42
EI-RRB,B739,Boeing,737-900ER,2005,UG,TURBOFAN,2,208,NARROW_BODY,1,2026-01-25 03:21:48
N034I,CRJ9,Bombardier,CRJ900,2019,KP,TURBOFAN,2,83,REGIONAL,1,2026-01-25 22:04:13
IZ-QKA,A320,Airbus,A320-200,2023,MO ,TURBOFAN,2,151,NARROW_BODY,1,2026-02-08 12:51:24
EV-WHE,E175,Embraer,E175,2020,NJ,TURBOFAN,2,82,REGIONAL,1,2026-02-09 16:55:20
F-PDNM,B739,Boeing,737-900ER,2007,WL,TURBOFAN,2,180,NARROW_BODY,0,2026-02-09 18:20:30
N7883B,A359,Airbus,A350-900,2005,IU,TURBOFAN,2,306,WIDE_BODY,1,2026-02-06 03:09:05
IU-SXZ,E170,Embraer,E170,2022,IS,TURBOFAN,2,69,REGIONAL,1,2026-01-18 21:08:22
CT-QCM,B788,Boeing,787-8,2022,NJ,TURBOFAN,2,244,WIDE_BODY,1,2026-02-08 02:03:14
N03657M,C172,Cessna,172 Skyhawk,2016,OE,PISTON,1,4,GA,1,2026-01-19 10:53:14
GJ-SWH,B738,Boeing,737-800,2004,NJ,TURBOFAN,2,160,NARROW_BODY,1,2026-01-28 00:07:59
N43941LE,A359,Airbus,A350-900,1985,NF,TURBOFAN,2,286,WIDE_BODY,1,2026-01-30 13:25:05
G-EPTQ,A319,Airbus,A319,2012,ANL,TURBOFAN,2,126,NARROW_BODY,1,2026-02-14 18:02:46
EI-ESC,A320,Airbus,A320-200,2005,DI,TURBOFAN,2,161,NARROW_BODY,1,2026-01-31 18:50:06
EV-VLC,B738,Boeing,737-800,2017,XB,TURBOFAN,2,167,NARROW_BODY,1,2026-01-21 09:22:38
N913T,C172,Cessna,172 Skyhawk,1997,DU,PISTON,1,3,GA,1,2026-01-28 07:41:17
N08583,PA28,Piper,PA-28 Cherokee,2024,OP,PISTON,1,4,GA,1,2026-01-21 11:02:02
F-XKQL,A321,Airbus,A321-200,2010,CFR,TURBOFAN,2,212,NARROW_BODY,1,2026-01-28 18:27:46
F-TTHR,B739,Boeing,737-900ER,2009,CFR,TURBOFAN,2,199,NARROW_BODY,1,2026-02-14 19:47:02
AV-WFY,A321,Airbus,A321-200,2005,WO,TURBOFAN,2,199,NARROW_BODY,0,2026-01-19 05:57:50
G-YCCA,B772,Boeing,777-200,1985,JBG,TURBOFAN,2,317,WIDE_BODY,1,2026-01-29 22:44:21
VH-TJH,B738,Boeing,737-800,2017,GMY,TURBOFAN,2,184,NARROW_BODY,1,2026-02-11 15:13:39
F-XTRA,B739,Boeing,737-900ER,2020,CFR,TURBOFAN,2,191,NARROW_BODY,1,2026-02-13 06:49:07
OB-RFK,A321,Airbus,A321-200,2000,WO,TURBOFAN,2,201,NARROW_BODY,1,2026-01-25 20:32:42
N7722HW,B788,Boeing,787-8,2007,DU,TURBOFAN,2,281,WIDE_BODY,1,2026-01-21 02:56:14
BJ-PLM,E175,Embraer,E175,1995,FO,TURBOFAN,2,81,REGIONAL,1,2026-02-01 21:28:16
HV-TMO,PA28,Piper,PA-28 Cherokee,2009,HRF,PISTON,1,3,GA,1,2026-02-01 07:22:55
D-IXZD,B772,Boeing,777-200,2005,FN,TURBOFAN,2,310,WIDE_BODY,1,2026-01-20 14:43:35
CN-BCA,A320,Airbus,A320-200,2023,NJ,TURBOFAN,2,150,NARROW_BODY,1,2026-02-01 04:56:25
F-VFJK,B739,Boeing,737-900ER,2014,DN,TURBOFAN,2,194,NARROW_BODY,1,2026-01-26 10:34:53
D-UMXS,B77W,Boeing,777-300ER,2009,FN,TURBOFAN,2,,WIDE_BODY,1,2026-01-22 03:41:23
F-VRBL,A321,Airbus,A321-200,1990,CFR,TURBOFAN,2,212,NARROW_BODY,1,2026-02-02 21:21:02
PR-ZMJ,B739,Boeing,737-900ER,2007,WAI,TURBOFAN,2,204,NARROW_BODY,1,2026-02-12 16:56:26
VH-JZT,B772,Boeing,777-200,1985,GMY,TURBOFAN,2,305,WIDE_BODY,1,2026-02-12 21:36:08
G-UWFK,A320,Airbus,A320-200,1987,SA,TURBOFAN,2,177,NARROW_BODY,1,2026-01-23 21:15:03
D-QBPS,A319,Airbus,A319,2007,FN,TURBOFAN,2,142,NARROW_BODY,1,2026-02-15 12:44:14
F-MAUU,B739,Boeing,737-900ER,2025,CFR,TURBOFAN,2,204,NARROW_BODY,1,2026-02-08 14:17:30
N117OL,B737,Boeing,737-700,2011,DU,TURBOFAN,2,139,NARROW_BODY,1,2026-01-22 23:15:12
SB-CWR,B788,Boeing,787-8,2007,NJ,TURBOFAN,2,248,WIDE_BODY,1,2026-02-09 14:23:19
N0714BF,B738,Boeing,737-800,2011,NF,TURBOFAN,2,182,NARROW_BODY,1,2026-01-30 09:52:49
N324,B738,Boeing,737-800,1992,OP,TURBOFAN,2,175,NARROW_BODY,1,2026-01-29 15:14:24
DT-MZB,B738,Boeing,737-800,1995,VYS,TURBOFAN,2,184,NARROW_BODY,1,2026-02-06 12:35:03
FS-JLV,C172,Cessna,172 Skyhawk,1984,XB,PISTON,1,2,GA,1,2026-01-28 17:28:58
N5457,E190,Embraer,E190,2013,DU,TURBOFAN,2,107,REGIONAL,1,2026-02-03 19:55:56
G-IYNK,A333,Airbus,A330-300,2020,ANL,TURBOFAN,2,304,WIDE_BODY,1,2026-01-19 02:00:44
VH-NQB,B738,Boeing,737-800,2017,GMY,TURBOFAN,2,187,NARROW_BODY,1,2026-01-23 12:50:06
VH-EIR,A320,Airbus,A320-200,2009,GMY,TURBOFAN,2,167,NARROW_BODY,1,2026-02-08 07:40:48
JO-IUP,E190,Embraer,E190,1996,HB,TURBOFAN,2,105,REGIONAL,1,2026-02-01 02:03:35
ON-DPG,B738,Boeing,737-800,2021,YW,TURBOFAN,2,172,NARROW_BODY,1,2026-02-08 07:00:35
N51049CL,B738,Boeing,737-800,2002,DU,TURBOFAN,2,165,NARROW_BODY,1,2026-02-14 19:37:38
EI-TLB,B788,Boeing,787-8,2013,DI,TURBOFAN,2,247,WIDE_BODY,1,2026-02-04 00:11:45
D-JGAP,B737,Boeing,737-700,2015,FN,TURBOFAN,2,138,NARROW_BODY,1,2026-01-18 13:05:21
N082P,B763,Boeing,767-300ER,2014,DU,TURBOFAN,2,223,WIDE_BODY,1,2026-02-02 11:42:18
KL-DXW,A321,Airbus,A321-200,2013,FO,TURBOFAN,2,204,NARROW_BODY,1,2026-02-07 12:08:04
QV-PJS,A321,Airbus,A321-200,2024,NJ,TURBOFAN,2,213,NARROW_BODY,1,2026-01-28 20:25:31
N89656,B789,Boeing,787-9,2012,KP,TURBOFAN,2,284,WIDE_BODY,1,2026-01-31 00:15:18
N292,A320,Airbus,A320-200,1998,IG,TURBOFAN,2,177,NARROW_BODY,1,2026-02-07 23:06:20
D-CSBC,A320,Airbus,A320-200,2020,FN,TURBOFAN,2,149,NARROW_BODY,1,2026-01-27 07:16:26
N657EO,B738,Boeing,737-800,2015,KP,TURBOFAN,2,167,NARROW_BODY,1,2026-02-07 23:29:12
N5315,B737,Boeing,737-700,2000,NF,TURBOFAN,2,136,NARROW_BODY,1,2026-02-04 05:49:50
XA-EDW,A320,Airbus,A320-200,2022,RME,TURBOFAN,2,157,NARROW_BODY,1,2026-01-26 09:04:42
XA-JAL,B737,Boeing,737-700,2023,RME,TURBOFAN,2,138,NARROW_BODY,1,2026-01-28 20:33:04
D-VKGY,B772,Boeing,777-200,1995,OQQ,TURBOFAN,2,308,WIDE_BODY,1,2026-01-19 08:18:40
AM-TFU,A319,Airbus,A319,2020,UH,TURBOFAN,2,132,NARROW_BODY,1,2026-02-02 19:18:14
SJ-FDY,E190,Embraer,E190,2002,NJ,TURBOFAN,2,99,REGIONAL,1,2026-02-14 21:14:18
VO-BZW,A320,Airbus,A320-200,1990,UH,TURBOFAN,2,152,NARROW_BODY,1,2026-02-16 22:14:44
N34363H,A320,Airbus,A320-200,1993,KP,TURBOFAN,2,177,NARROW_BODY,1,2026-01-24 19:07:43
ZD-VIS,B737,Boeing,737-700,2023,NJ,TURBOFAN,2,134,NARROW_BODY,1,2026-02-07 22:22:51
d-fokv,B789,Boeing,787-9,1989,FN,TURBOFAN,2,276,WIDE_BODY,0,2026-02-07 05:44:29
XA-MZY,B738,Boeing,737-800,2001,RME,TURBOFAN,2,181,NARROW_BODY,1,2026-01-31 19:48:33
N36568NH,A321,Airbus,A321-200,2016,NF,TURBOFAN,2,184,NARROW_BODY,1,2026-01-27 09:37:40
YH-WCD,B772,Boeing,777-200,2011,NJ,TURBOFAN,2,315,WIDE_BODY,1,2026-02-10 00:34:05
N0149,A332,Airbus,A330-200,2010,NF,TURBOFAN,2,265,WIDE_BODY,1,2026-02-09 23:39:01
ZY-KFL,A321,Airbus,A321-200,2003,NJ,TURBOFAN,2,209,NARROW_BODY,1,2026-02-01 03:31:44
N148QZ,C172,Cessna,172 Skyhawk,1972,DU,PISTON,1,2,GA,1,2026-01-31 02:53:59
EC-CBA,E175,Embraer,E175,2025,KIU,TURBOFAN,2,78,REGIONAL,1,2026-01-24 15:48:57
BP-GQS,CRJ9,Bombardier,CRJ900,1994,IS,TURBOFAN,2,79,REGIONAL,1,2026-02-01 00:33:44
SK-UGZ,B738,Boeing,737-800,2005,UH,TURBOFAN,2,166,NARROW_BODY,1,2026-02-10 05:51:16
EC-DSH,A320,Airbus,A320-200,2005,KIU,TURBOFAN,2,177,NARROW_BODY,1,2026-01-25 02:01:33
N24011,A359,Airbus,A350-900,1996,ZC,TURBOFAN,2,329,WIDE_BODY,1,2026-01-29 04:01:04
F-RYTW,B737,Boeing,737-700,1998,WL,TURBOFAN,2,131,NARROW_BODY,0,2026-01-28 06:41:01
MH-FEA,A320,Airbus,A320-200,1990,LH,TURBOFAN,2,161,NARROW_BODY,1,2026-02-17 07:56:15
G-WTHK,E175,Embraer,E175,2009,JBG,TURBOFAN,2,85,REGIONAL,1,2026-02-07 22:00:00
N94205,B737,Boeing,737-700,2006,NF,TURBOFAN,2,140,NARROW_BODY,1,2026-01-18 21:52:10
D-WVRP,A321,Airbus,A321-200,2000,FN,TURBOFAN,2,203,NARROW_BODY,1,2026-02-06 16:42:36
N5890UQ,B739,Boeing,737-900ER,2009,DU,TURBOFAN,2,183,NARROW_BODY,1,2026-01-20 07:10:21
VH-OIO,E175,Embraer,E175,2010,GMY,TURBOFAN,2,82,REGIONAL,1,2026-02-05 12:59:11
N21473I,A321,Airbus,A321-200,,LP,TURBOFAN,2,210,NARROW_BODY,1,2026-02-09 21:52:34
N9141MD,CRJ9,Bombardier,CRJ900,2017,DU,TURBOFAN,2,88,REGIONAL,1,2026-02-12 23:54:14
D-QZTZ,CRJ9,Bombardier,CRJ900,1990,FN,TURBOFAN,2,78,REGIONAL,1,2026-02-08 00:54:07
N1582,B739,Boeing,737-900ER,2020,DU,TURBOFAN,2,184,NARROW_BODY,0,2026-02-06 10:56:33
G-JXAE,PA28,Piper,PA-28 Cherokee,1995,HE,PISTON,1,3,GA,1,2026-02-17 02:27:40
N545SI,B738,Boeing,737-800,2013,NF,TURBOFAN,2,185,NARROW_BODY,1,2026-02-02 01:43:01
D-RZSV,A320,Airbus,A320-200,2017,FN,TURBOFAN,2,161,NARROW_BODY,1,2026-02-13 20:26:52
HE-CDN,A319,Airbus,A319,2014,WO,TURBOFAN,2,147,NARROW_BODY,1,2026-02-04 15:18:42
BI-TTX,B738,Boeing,737-800,1996,QO,TURBOFAN,2,177,NARROW_BODY,1,2026-01-21 22:54:55
xa-xkr,B737,Boeing,737-700,2000,RME,TURBOFAN,2,130,NARROW_BODY,1,2026-01-19 21:42:10
EI-EYX,PA28,Piper,PA-28 Cherokee,1975,DI ,PISTON,1,2,GA,1,2026-02-12 10:06:18
D-WNZA,A320,Airbus,A320-200,2004,FN,TURBOFAN,2,176,NARROW_BODY,1,2026-02-08 08:36:55
N3459H,A319,Airbus,A319,2014,DU,TURBOFAN,2,150,NARROW_BODY,1,2026-01-19 01:57:09
VH-EQD,B789,Boeing,787-9,2010,IW,TURBOFAN,2,262,WIDE_BODY,1,2026-02-05 07:51:37
D-OQSV,B789,Boeing,787-9,1985,FN,TURBOFAN,2,273,WIDE_BODY,1,2026-02-11 11:32:13
FQ-FJW,CRJ9,Bombardier,CRJ900,2023,NJ,TURBOFAN,2,79,REGIONAL,1,2026-02-04 04:00:47
JA7521,B737,Boeing,737-700,2004,RI,TURBOFAN,2,134,NARROW_BODY,1,2026-02-16 19:05:11
N624H,B789,Boeing,787-9,2006,KP,TURBOFAN,2,261,WIDE_BODY,1,2026-01-24 21:00:33
XA-JGC,B788,Boeing,787-8,2019,BU,TURBOFAN,2,287,WIDE_BODY,1,2026-02-14 09:45:51
N98599MN,B739,Boeing,737-900ER,1985,DU ,TURBOFAN,2,200,NARROW_BODY,1,2026-01-28 02:06:37
N6214OJ,A321,Airbus,A321-200,2009,DU,TURBOFAN,2,182,NARROW_BODY,1,2026-02-01 16:48:23
N00514,E190,Embraer,E190,2006,KP,TURBOFAN,2,113,REGIONAL,0,2026-02-13 22:32:13
JA3005,A321,Airbus,A321-200,1989,CAH,TURBOFAN,2,211,NARROW_BODY,1,2026-02-07 07:31:33
TY-GMH,E190,Embraer,E190,1997,RVT,TURBOFAN,2,96,REGIONAL,1,2026-02-06 23:03:03
N433O,B789,Boeing,787-9,1996,NF,TURBOFAN,2,300,WIDE_BODY,1,2026-02-08 02:47:46
DL-RFD,E175,Embraer,E175,1999,ET,TURBOFAN,2,87,REGIONAL,1,2026-02-02 22:04:30
PH-EAE,C172,Cessna,172 Skyhawk,2001,ZN,PISTON,1,2,GA,1,2026-02-10 00:00:25
N59595X,B737,Boeing,737-700,1994,DU,TURBOFAN,2,143,NARROW_BODY,1,2026-01-26 15:56:08
JA7704,E190,Embraer,E190,2008,CAH,TURBOFAN,2,110,REGIONAL,1,2026-01-20 05:44:38
D-CMXP,B737,Boeing,737-700,2015,FN,TURBOFAN,2,127,NARROW_BODY,1,2026-01-22 07:07:00
N253CG,B739,Boeing,737-900ER,2002,NF,TURBOFAN,2,182,NARROW_BODY,1,2026-02-07 11:56:04
KQ-CTL,A320,Airbus,A320-200,2018,NJ,TURBOFAN,2,141,NARROW_BODY,1,2026-02-16 21:41:38
ET-QCR,B772,Boeing,777-200,2012,QO,TURBOFAN,2,328,WIDE_BODY,1,2026-01-22 07:06:35
EC-JJC,C172,Cessna,172 Skyhawk,2025,FK,PISTON,1,3,GA,1,2026-02-13 08:02:51
F-TDVH,A321,Airbus,A321-200,2013,DN,TURBOFAN,2,190,NARROW_BODY,1,2026-02-15 12:04:37
D-JQCS,B738,Boeing,737-800,2002,FN,TURBOFAN,2,172,NARROW_BODY,1,2026-02-11 11:53:19
G-JVUJ,A321,Airbus,A321-200,1996,JBG,TURBOFAN,2,172,NARROW_BODY,1,2026-02-07 08:53:11
EC-UUY,A319,Airbus,A319,2021,KIU,TURBOFAN,2,135,NARROW_BODY,1,2026-02-14 12:23:33
VH-ONA,BE20,Beechcraft,King Air 200,2010,IW,TURBOPROP,2,9,GA,1,2026-01-25 11:17:39
F-BGEB,B737,Boeing,737-700,2022,DN,TURBOFAN,2,147,NARROW_BODY,1,2026-02-09 04:02:51
WT-DSV,A321,Airbus,A321-200,2001,WO,TURBOFAN,2,189,NARROW_BODY,0,2026-02-05 05:42:01
JT-TWB,B739,Boeing,737-900ER,2003,XB,TURBOFAN,2,203,NARROW_BODY,1,2026-02-08 09:18:29
PH-KHH,A320,Airbus,A320-200,2021,ZN,TURBOFAN,2,172,NARROW_BODY,1,2026-02-16 08:55:18
C-ZIZM,B738,Boeing,737-800,2013,IM,TURBOFAN,2,181,NARROW_BODY,1,2026-02-15 15:23:18
JA9815,E175,Embraer,E175,2024,CAH,TURBOFAN,2,77,REGIONAL,1,2026-02-06 16:37:09
WD-BZG,A333,Airbus,A330-300,1994,NJ,TURBOFAN,2,291,WIDE_BODY,1,2026-02-01 18:46:52
TT-MZZ,A320,Airbus,A320-200,1993,QO ,TURBOFAN,2,166,NARROW_BODY,1,2026-01-23 00:04:13
CU-CDP,B739,Boeing,737-900ER,2016,WO,TURBOFAN,2,204,NARROW_BODY,1,2026-01-24 07:40:12
AQ-FJU,B737,Boeing,737-700,1985,NJ,TURBOFAN,2,128,NARROW_BODY,1,2026-02-11 11:37:09
N48574,A321,Airbus,A321-200,2015,KP,TURBOFAN,2,183,NARROW_BODY,1,2026-01-23 21:45:57
N682NY,B788,Boeing,787-8,1985,MBN,TURBOFAN,2,241,WIDE_BODY,1,2026-01-24 13:28:04
EI-TLW,B738,Boeing,737-800,2016,DI,TURBOFAN,2,187,NARROW_BODY,0,2026-01-23 04:59:02
N1437,B739,Boeing,737-900ER,2025,DU,TURBOFAN,2,193,NARROW_BODY,1,2026-01-31 22:22:36
WL-OXQ,E195,Embraer,E195,2017,NJ,TURBOFAN,2,109,REGIONAL,1,2026-02-15 12:07:31
N2465DB,AT72,ATR,ATR 72-600,2005,DU,TURBOPROP,2,,REGIONAL,1,2026-02-14 20:54:39
ZP-BHO,B739,Boeing,737-900ER,2024,NJ,TURBOFAN,2,208,NARROW_BODY,0,2026-01-20 04:00:00
QV-WRV,B763,Boeing,767-300ER,2021,NJ,TURBOFAN,2,268,WIDE_BODY,1,2026-01-23 02:42:19
N5278QZ,BE20,Beechcraft,King Air 200,1972,OE,TURBOPROP,2,9,GA,1,2026-02-06 15:16:50
D-KSZM,B738,Boeing,737-800,2001,FN,TURBOFAN,2,174,NARROW_BODY,1,2026-02-15 23:34:05
N26632DX,B739,Boeing,737-900ER,2017,KP,TURBOFAN,2,180,NARROW_BODY,1,2026-01-28 16:23:14
OW-DPJ,E195,Embraer,E195,2019,HRF,TURBOFAN,2,121,REGIONAL,1,2026-01-21 17:36:54
ML-RRD,B739,Boeing,737-900ER,1993,WO,TURBOFAN,2,200,NARROW_BODY,1,2026-02-11 15:06:00
N8288,A321,Airbus,A321-200,2003,DU,TURBOFAN,2,170,NARROW_BODY,1,2026-01-23 12:23:30
JA7506,E175,Embraer,E175,2018,RI,TURBOFAN,2,76,REGIONAL,1,2026-02-14 05:58:19
TB-KEQ,E195,Embraer,E195,1994,YO,TURBOFAN,2,,REGIONAL,1,2026-02-15 00:31:26
HE-SLD,B738,Boeing,737-800,2006,NJ,TURBOFAN,2,181,NARROW_BODY,1,2026-02-10 19:17:07
N9959,B772,Boeing,777-200,2017,DU,TURBOFAN,2,325,WIDE_BODY,1,2026-01-22 13:30:44
YJ-YFX,A320,Airbus,A320-200,2007,FU,TURBOFAN,2,174,NARROW_BODY,1,2026-01-25 22:13:50
AC-TGN,A320,Airbus,A320-200,2015,RVT,TURBOFAN,2,169,NARROW_BODY,1,2026-01-20 15:01:33
N2098B,B739,Boeing,737-900ER,2017,NF,TURBOFAN,2,212,NARROW_BODY,1,2026-02-12 21:00:27
JA3599,B738,Boeing,737-800,2020,RI,TURBOFAN,2,181,NARROW_BODY,1,2026-02-08 09:39:57
JA8115,CRJ7,Bombardier,CRJ700,2015,SZ,TURBOFAN,2,75,REGIONAL,1,2026-01-24 14:42:50
N21559A,B739,Boeing,737-900ER,2012,KP,TURBOFAN,2,208,NARROW_BODY,0,2026-02-16 08:25:29
D-DMBW,A319,Airbus,A319,2006,FN ,TURBOFAN,2,133,NARROW_BODY,1,2026-02-16 17:06:45
F-QIEZ,BE20,Beechcraft,King Air 200,2013,CFR,TURBOPROP,2,10,GA,1,2026-01-26 18:00:18
YB-OIK,B788,Boeing,787-8,2009,GZ,TURBOFAN,2,275,WIDE_BODY,1,2026-02-04 10:16:53
D-DXWU,BE20,Beechcraft,King Air 200,2016,FN,TURBOPROP,2,13,GA,1,2026-01-27 10:28:10
WI-TNQ,E190,Embraer,E190,2017,FU,TURBOFAN,2,107,REGIONAL,1,2026-01-21 23:20:57
JA9254,B772,Boeing,777-200,2003,VH,TURBOFAN,2,311,WIDE_BODY,1,2026-01-18 13:55:15
G-LPMO,B772,Boeing,777-200,2019,JBG,TURBOFAN,2,332,WIDE_BODY,1,2026-02-09 23:48:09
XA-QIN,AT72,ATR,ATR 72-600,2002,RME,TURBOPROP,2,74,REGIONAL,1,2026-02-05 22:26:26
N3665,BE20,Beechcraft,King Air 200,1999,DU,TURBOPROP,2,12,GA,1,2026-01-30 06:46:07
VP-EGY,A319,Airbus,A319,2024,MO,TURBOFAN,2,141,NARROW_BODY,1,2026-02-06 16:14:54
EC-RIN,CRJ7,Bombardier,CRJ700,2007,HRF,TURBOFAN,2,68,REGIONAL,1,2026-01-31 19:05:39
C-IPRC,B789,Boeing,787-9,2021,IH,TURBOFAN,2,295,WIDE_BODY,1,2026-01-30 12:56:28
IP-TUH,A319,Airbus,A319,2000,FO,TURBOFAN,2,136,NARROW_BODY,1,2026-02-11 15:20:33
D-PEFV,B739,Boeing,737-900ER,2003,FN,TURBOFAN,2,197,NARROW_BODY,1,2026-02-13 06:55:04
G-ICSJ,B738,Boeing,737-800,2019,ANL,TURBOFAN,2,175,NARROW_BODY,1,2026-01-23 00:00:40
YD-WUH,A320,Airbus,A320-200,2014,WAI,TURBOFAN,2,142,NARROW_BODY,1,2026-02-08 20:31:43
BT-DMH,B738,Boeing,737-800,1998,NJ,TURBOFAN,2,176,NARROW_BODY,1,2026-01-31 13:18:32
N0375O,B739,Boeing,737-900ER,2002,DU,TURBOFAN,2,188,NARROW_BODY,1,2026-02-01 01:27:21
N9737HN,E195,Embraer,E195,2009,DU,TURBOFAN,2,,REGIONAL,0,2026-01-27 16:20:44
EC-HQP,A320,Airbus,A320-200,2014,FK,TURBOFAN,2,,NARROW_BODY,1,2026-02-11 20:17:15
XA-FQO,B789,Boeing,787-9,1985,RME,TURBOFAN,2,279,WIDE_BODY,1,2026-01-18 12:22:34
ZF-LQL,B738,Boeing,737-800,2023,FO,TURBOFAN,2,173,NARROW_BODY,1,2026-02-17 03:42:38
YB-FVS,B739,Boeing,737-900ER,2014,UH,TURBOFAN,2,188,NARROW_BODY,1,2026-02-14 09:49:29
BT-XNK,E195,Embraer,E195,2003,WAI,TURBOFAN,2,122,REGIONAL,1,2026-01-31 17:09:52
UX-MIT,E175,Embraer,E175,2010,NJ,TURBOFAN,2,80,REGIONAL,1,2026-01-30 01:39:54
N73621,A320,Airbus,A320-200,2002,DU,TURBOFAN,2,168,NARROW_BODY,0,2026-01-25 16:58:02
JA5518,B737,Boeing,737-700,1987,CAH,TURBOFAN,2,131,NARROW_BODY,1,2026-01-18 14:49:20
G-WBHO,A332,Airbus,A330-200,1998,ANL,TURBOFAN,2,260,WIDE_BODY,1,2026-02-05 14:14:20
XA-DSM,B763,Boeing,767-300ER,2019,BU ,TURBOFAN,2,230,WIDE_BODY,1,2026-02-03 09:26:08
D-MSDX,E195,Embraer,E195,2022,FN,TURBOFAN,2,114,REGIONAL,1,2026-01-20 17:48:48
NM-CMX,B739,Boeing,737-900ER,2009,NJ,TURBOFAN,2,215,NARROW_BODY,1,2026-01-23 06:30:44
N7701,A320,Airbus,A320-200,2017,DU,TURBOFAN,2,175,NARROW_BODY,1,2026-01-25 20:39:40
N86325,B789,Boeing,787-9,2025,DU,TURBOFAN,2,272,WIDE_BODY,1,2026-02-02 19:09:02
G-LJWY,B737,Boeing,737-700,2022,HE,TURBOFAN,2,128,NARROW_BODY,1,2026-02-10 05:16:42
G-CFHW,B772,Boeing,777-200,1996,JBG,TURBOFAN,2,312,WIDE_BODY,1,2026-01-25 15:25:28
QT-DEW,C172,Cessna,172 Skyhawk,2019,NJ,PISTON,1,3,GA,1,2026-02-10 16:26:25
DE-DSL,E175,Embraer,E175,2023,NJ,TURBOFAN,2,87,REGIONAL,1,2026-01-27 05:14:34
N3201WV,C172,Cessna,172 Skyhawk,1997,NF,PISTON,1,3,GA,1,2026-02-16 08:40:06
N31530FW,B789,Boeing,787-9,,OP,TURBOFAN,2,284,WIDE_BODY,1,2026-02-14 06:12:39
N1640,CRJ9,Bombardier,CRJ900,2007,NF,TURBOFAN,2,77,REGIONAL,1,2026-02-08 04:52:46
D-FAYX,B789,Boeing,787-9,2012,FN,TURBOFAN,2,290,WIDE_BODY,1,2026-01-27 22:55:32
EI-QLS,A321,Airbus,A321-200,1991,GSH,TURBOFAN,2,207,NARROW_BODY,1,2026-02-11 07:45:49
D-EWQA,A321,Airbus,A321-200,2017,FN,TURBOFAN,2,172,NARROW_BODY,1,2026-02-11 09:50:49
N3830P,E195,Embraer,E195,2018,DU,TURBOFAN,2,111,REGIONAL,1,2026-02-09 02:10:12
AB-BDU,B77W,Boeing,777-300ER,1988,NJ,TURBOFAN,2,401,WIDE_BODY,1,2026-01-21 13:51:09
BA-CSJ,PA28,Piper,PA-28 Cherokee,1979,NJ,PISTON,1,2,GA,1,2026-02-14 12:17:13
FC-BWJ,A321,Airbus,A321-200,2004,NJ,TURBOFAN,2,201,NARROW_BODY,1,2026-01-29 00:22:26
N64754,E175,Embraer,E175,1985,NF,TURBOFAN,2,81,REGIONAL,1,2026-02-07 17:41:02
N4130,B739,Boeing,737-900ER,2024,OD,TURBOFAN,2,210,NARROW_BODY,1,2026-02-14 16:02:25
JA7705,C172,Cessna,172 Skyhawk,1989,SZ,PISTON,1,2,GA,1,2026-01-22 01:27:47
F-SOIR,B738,Boeing,737-800,2018,WL,TURBOFAN,2,185,NARROW_BODY,1,2026-02-05 01:25:21
N7542,B739,Boeing,737-900ER,1994,DU,TURBOFAN,2,208,NARROW_BODY,1,2026-01-29 21:48:24
MY-MOG,B739,Boeing,737-900ER,2025,UM,TURBOFAN,2,200,NARROW_BODY,1,2026-02-07 05:22:09
D-ZLAS,E195,Embraer,E195,2015,FN,TURBOFAN,2,113,REGIONAL,1,2026-02-10 16:31:12
C-CBER,B738,Boeing,737-800,1997,IM,TURBOFAN,2,181,NARROW_BODY,1,2026-01-21 23:17:05
N59598,B737,Boeing,737-700,2013,NF,TURBOFAN,2,149,NARROW_BODY,1,2026-01-24 00:19:57
ZY-XHD,B739,Boeing,737-900ER,2020,FO,TURBOFAN,2,202,NARROW_BODY,1,2026-02-06 03:30:06
C-VGBM,B788,Boeing,787-8,2000,IM,TURBOFAN,2,252,WIDE_BODY,1,2026-02-13 07:56:44
MV-HER,B763,Boeing,767-300ER,2020,NJ,TURBOFAN,2,269,WIDE_BODY,1,2026-01-29 10:17:31
XA-PFD,B738,Boeing,737-800,2014,BU,TURBOFAN,2,185,NARROW_BODY,1,2026-02-12 00:03:47
XR-OIJ,B789,Boeing,787-9,1996,IS,TURBOFAN,2,297,WIDE_BODY,1,2026-01-29 03:14:20
PJ-GGP,B737,Boeing,737-700,1992,IS,TURBOFAN,2,142,NARROW_BODY,1,2026-02-16 21:35:39
N845,B739,Boeing,737-900ER,1994,ZC,TURBOFAN,2,194,NARROW_BODY,1,2026-01-24 02:28:38
EC-ZNP,A319,Airbus,A319,1985,FK,TURBOFAN,2,128,NARROW_BODY,1,2026-02-11 23:32:06
VZ-WSC,B772,Boeing,777-200,2008,RVT,TURBOFAN,2,300,WIDE_BODY,1,2026-02-05 09:27:26
N939M,B789,Boeing,787-9,2009,DU,TURBOFAN,2,287,WIDE_BODY,1,2026-02-15 22:21:00
MT-XYB,PA28,Piper,PA-28 Cherokee,2022,FO,PISTON,1,4,GA,1,2026-01-21 22:16:01
OC-CHN,B739,Boeing,737-900ER,2025,NJ,TURBOFAN,2,194,NARROW_BODY,1,2026-02-08 11:55:35
N656LY,A359,Airbus,A350-900,1999,NF,TURBOFAN,2,291,WIDE_BODY,1,2026-02-02 05:48:29
F-VUZG,A359,Airbus,A350-900,2024,CFR,TURBOFAN,2,324,WIDE_BODY,1,2026-01-25 10:19:00
N2347,B738,Boeing,737-800,1994,DU,TURBOFAN,2,168,NARROW_BODY,1,2026-01-30 01:34:47
N92099WU,A321,Airbus,A321-200,2021,UD,TURBOFAN,2,209,NARROW_BODY,1,2026-01-24 07:29:36
D-IWML,CRJ9,Bombardier,CRJ900,2000,FN,TURBOFAN,2,85,REGIONAL,1,2026-02-02 11:40:24
GU-GKJ,B738,Boeing,737-800,1995,NJ,TURBOFAN,2,165,NARROW_BODY,1,2026-02-03 10:11:44
XA-SRE,A321,Airbus,A321-200,1987,RME,TURBOFAN,2,179,NARROW_BODY,1,2026-01-26 12:35:40
N00029,A332,Airbus,A330-200,2006,DU ,TURBOFAN,2,274,WIDE_BODY,1,2026-01-29 14:47:19
N4451,A320,Airbus,A320-200,1994,ZC,TURBOFAN,2,162,NARROW_BODY,1,2026-02-16 19:15:30
QL-DCE,C208,Cessna,208 Caravan,1974,FO,TURBOPROP,1,10,GA,1,2026-01-27 14:02:35
N19911OT,A320,Airbus,A320-200,2004,NF,TURBOFAN,2,163,NARROW_BODY,1,2026-02-04 10:28:15
ID-FWC,A319,Airbus,A319,2015,GZ,TURBOFAN,2,152,NARROW_BODY,1,2026-01-22 09:09:56
N493,A359,Airbus,A350-900,1999,DU,TURBOFAN,2,301,WIDE_BODY,1,2026-01-21 12:24:05
OU-BUZ,E190,Embraer,E190,2017,WO,TURBOFAN,2,106,REGIONAL,1,2026-02-08 00:40:44
DQ-FWW,B772,Boeing,777-200,1993,NJ,TURBOFAN,2,350,WIDE_BODY,1,2026-02-14 02:35:31
N9226G,B739,Boeing,737-900ER,2008,OD,TURBOFAN,2,193,NARROW_BODY,1,2026-01-30 21:47:43
EI-QQX,B737,Boeing,737-700,2018,DI,TURBOFAN,2,133,NARROW_BODY,1,2026-02-11 11:26:01
N54551PH,B739,Boeing,737-900ER,2020,DU,TURBOFAN,2,188,NARROW_BODY,1,2026-02-12 09:11:45
JA7573,A320,Airbus,A320-200,2004,VH,TURBOFAN,2,148,NARROW_BODY,1,2026-01-21 10:28:10
EI-ZZR,E195,Embraer,E195,2006,DI,TURBOFAN,2,105,REGIONAL,1,2026-01-20 23:00:43
N118,CRJ9,Bombardier,CRJ900,1987,NF,TURBOFAN,2,90,REGIONAL,1,2026-01-23 02:55:39
RO-UMK,PA28,Piper,PA-28 Cherokee,1971,WAI,PISTON,1,3,GA,1,2026-02-14 11:13:38
CN-BMK,C208,Cessna,208 Caravan,2023,WAI,TURBOPROP,1,10,GA,1,2026-02-02 10:43:52
TZ-LTX,C172,Cessna,172 Skyhawk,1983,NDR,PISTON,1,3,GA,1,2026-01-27 05:21:42
D-KGBX,A319,Airbus,A319,2005,FN,TURBOFAN,2,143,NARROW_BODY,1,2026-02-13 01:55:26
IK-VXG,A320,Airbus,A320-200,2013,NJ,TURBOFAN,2,173,NARROW_BODY,1,2026-01-30 15:12:35
NO-QEP,B789,Boeing,787-9,2020,MO,TURBOFAN,2,294,WIDE_BODY,1,2026-01-21 12:00:53
UB-AUL,C208,Cessna,208 Caravan,2022,WAI,TURBOPROP,1,12,GA,1,2026-02-16 07:53:40
G-ZLZN,A319,Airbus,A319,2015,RYD ,TURBOFAN,2,148,NARROW_BODY,1,2026-02-13 15:28:55
BL-IIY,A319,Airbus,A319,2007,MO,TURBOFAN,2,142,NARROW_BODY,1,2026-02-10 18:22:49
N52659G,E170,Embraer,E170,1994,DU,TURBOFAN,2,73,REGIONAL,1,2026-01-26 15:40:43
N156M,B772,Boeing,777-200,2015,ER,TURBOFAN,2,349,WIDE_BODY,1,2026-02-17 07:45:51
F-ATBK,B739,Boeing,737-900ER,2018,WL,TURBOFAN,2,206,NARROW_BODY,1,2026-02-14 21:33:45
C-EOIS,B738,Boeing,737-800,2013,IM,TURBOFAN,2,161,NARROW_BODY,1,2026-01-23 05:05:03
CZ-BYO,A321,Airbus,A321-200,2025,NJ,TURBOFAN,2,193,NARROW_BODY,1,2026-02-14 06:20:05
JA5968,B739,Boeing,737-900ER,2014,VH,TURBOFAN,2,185,NARROW_BODY,1,2026-01-27 17:09:56
N810B,B739,Boeing,737-900ER,2005,DU,TURBOFAN,2,180,NARROW_BODY,1,2026-01-24 23:22:52
N76267MP,B738,Boeing,737-800,2019,DU,TURBOFAN,2,171,NARROW_BODY,1,2026-02-04 23:35:39
SY-ZFI,C172,Cessna,172 Skyhawk,2012,WAI,PISTON,1,4,GA,1,2026-02-15 17:44:28
N082JG,B738,Boeing,737-800,2016,KP,TURBOFAN,2,170,NARROW_BODY,1,2026-02-10 02:45:06
N1599Y,A319,Airbus,A319,2008,DU,TURBOFAN,2,143,NARROW_BODY,0,2026-02-02 00:43:26
XO-IBV,B763,Boeing,767-300ER,2024,UH,TURBOFAN,2,260,WIDE_BODY,1,2026-02-01 04:10:01
N09930SS,A320,Airbus,A320-200,2022,DU,TURBOFAN,2,146,NARROW_BODY,1,2026-02-12 14:55:59
RD-USL,A319,Airbus,A319,2010,RVT,TURBOFAN,2,135,NARROW_BODY,1,2026-02-16 07:24:21
XA-YRZ,B739,Boeing,737-900ER,2023,BU,TURBOFAN,2,188,NARROW_BODY,1,2026-02-02 05:35:06
TS-BII,A320,Airbus,A320-200,2015,VYS,TURBOFAN,2,162,NARROW_BODY,0,2026-01-19 21:49:25
D-MTSV,E190,Embraer,E190,2008,FN,TURBOFAN,2,97,REGIONAL,1,2026-01-19 19:51:30
xa-zhr,B77W,Boeing,777-300ER,1999,RME,TURBOFAN,2,350,WIDE_BODY,1,2026-02-11 17:02:38
ST-BOQ,A332,Airbus,A330-200,2011,NJ,TURBOFAN,2,261,WIDE_BODY,1,2026-01-18 12:44:11
PH-ODJ,C172,Cessna,172 Skyhawk,1970,ZN ,PISTON,1,3,GA,0,2026-01-20 19:44:03
D-OBKL,B739,Boeing,737-900ER,2012,FN,TURBOFAN,2,195,NARROW_BODY,0,2026-01-24 03:28:24
N3698,B738,Boeing,737-800,1992,NF ,TURBOFAN,2,174,NARROW_BODY,1,2026-02-09 20:00:15
ZI-DKH,A320,Airbus,A320-200,2004,NJ,TURBOFAN,2,151,NARROW_BODY,1,2026-02-08 09:31:26
CA-UOQ,B789,Boeing,787-9,2023,HKD,TURBOFAN,2,,WIDE_BODY,1,2026-01-22 04:48:00
N3219X,BE20,Beechcraft,King Air 200,2020,SI,TURBOPROP,2,10,GA,1,2026-01-21 03:40:55
JA5541,B739,Boeing,737-900ER,1998,VH,TURBOFAN,2,195,NARROW_BODY,1,2026-02-08 18:21:57
MM-APA,E170,Embraer,E170,,QO,TURBOFAN,2,78,REGIONAL,1,2026-02-09 14:15:49
QP-RBX,B737,Boeing,737-700,2001,LTZ,TURBOFAN,2,142,NARROW_BODY,1,2026-01-24 17:35:42
FJ-OCP,B737,Boeing,737-700,2011,NJ,TURBOFAN,2,140,NARROW_BODY,1,2026-01-25 15:01:06
N9476,B737,Boeing,737-700,1991,DU,TURBOFAN,2,145,NARROW_BODY,1,2026-01-20 05:10:56
RZ-DSM,CRJ7,Bombardier,CRJ700,1987,HA,TURBOFAN,2,74,REGIONAL,1,2026-02-11 06:37:27
D-HMHF,A320,Airbus,A320-200,1996,QX,TURBOFAN,2,173,NARROW_BODY,1,2026-01-30 23:48:40
N020SF,C208,Cessna,208 Caravan,1981,DU,TURBOPROP,1,12,GA,1,2026-02-12 10:50:56
IB-GFR,A320,Airbus,A320-200,2018,QV,TURBOFAN,2,178,NARROW_BODY,1,2026-01-27 02:31:27
BA-EPK,B738,Boeing,737-800,2023,FU,TURBOFAN,2,183,NARROW_BODY,1,2026-02-02 23:18:17
N902OH,B737,Boeing,737-700,2019,NF,TURBOFAN,2,131,NARROW_BODY,1,2026-02-13 12:34:07
N89493,B738,Boeing,737-800,2011,ER,TURBOFAN,2,172,NARROW_BODY,1,2026-02-13 09:07:42
n3093,A359,Airbus,A350-900,2021,DU,TURBOFAN,2,308,WIDE_BODY,1,2026-01-31 18:34:57
DW-DHD,A320,Airbus,A320-200,2006,LTZ,TURBOFAN,2,148,NARROW_BODY,1,2026-01-31 18:53:38
NX-BTY,A320,Airbus,A320-200,2023,LH,TURBOFAN,2,179,NARROW_BODY,1,2026-01-28 16:16:50
RG-FIG,E175,Embraer,E175,1989,RVT,TURBOFAN,2,83,REGIONAL,0,2026-02-08 09:39:12
D-YARC,B789,Boeing,787-9,2013,FN,TURBOFAN,2,293,WIDE_BODY,1,2026-02-16 02:31:00
D-OGIL,B737,Boeing,737-700,2024,FN,TURBOFAN,2,134,NARROW_BODY,1,2026-02-01 04:14:13
A6-KYP,B738,Boeing,737-800,2012,ST,TURBOFAN,2,162,NARROW_BODY,1,2026-02-03 20:29:13
N9993,B772,Boeing,777-200,2012,OP,TURBOFAN,2,338,WIDE_BODY,1,2026-01-30 10:37:45
N8227ZG,BE20,Beechcraft,King Air 200,2017,KP,TURBOPROP,2,8,GA,0,2026-02-04 14:38:43
N7828O,BE20,Beechcraft,King Air 200,1982,DU,TURBOPROP,2,11,GA,1,2026-02-16 14:04:17
EI-EYC,E170,Embraer,E170,2020,UG,TURBOFAN,2,67,REGIONAL,1,2026-01-21 10:11:47
D-LXUG,A321,Airbus,A321-200,2023,FN,TURBOFAN,2,213,NARROW_BODY,1,2026-02-12 00:08:17
NU-WVF,B739,Boeing,737-900ER,2007,WO,TURBOFAN,2,,NARROW_BODY,1,2026-01-29 00:44:16
XA-VYQ,E190,Embraer,E190,2002,RME,TURBOFAN,2,110,REGIONAL,1,2026-02-14 09:51:51
XA-XMR,B739,Boeing,737-900ER,2014,RME,TURBOFAN,2,199,NARROW_BODY,1,2026-01-25 23:33:33
D-RDXT,E190,Embraer,E190,2010,FN,TURBOFAN,2,98,REGIONAL,1,2026-02-09 11:29:44
EC-UES,A319,Airbus,A319,2015,FK,TURBOFAN,2,155,NARROW_BODY,1,2026-01-31 18:22:24
G-XDDS,B739,Boeing,737-900ER,2016,JBG ,TURBOFAN,2,192,NARROW_BODY,1,2026-01-19 04:07:36
D-VUFF,CRJ9,Bombardier,CRJ900,2008,FN,TURBOFAN,2,81,REGIONAL,0,2026-01-25 16:04:13
MY-TUV,B738,Boeing,737-800,1985,XB,TURBOFAN,2,163,NARROW_BODY,1,2026-01-29 05:15:26
D-RQEC,B789,Boeing,787-9,2018,FN,TURBOFAN,2,287,WIDE_BODY,1,2026-02-04 17:42:48
C-DZZZ,A319,Airbus,A319,2015,KF,TURBOFAN,2,134,NARROW_BODY,1,2026-01-23 18:50:47
N85766,C172,Cessna,172 Skyhawk,1975,NF,PISTON,1,3,GA,1,2026-02-01 01:52:17
n8281,BE20,Beechcraft,King Air 200,2020,DU,TURBOPROP,2,10,GA,1,2026-02-05 23:48:01
VH-ODX,C172,Cessna,172 Skyhawk,1982,IW,PISTON,1,3,GA,1,2026-02-03 12:57:10
XA-SUB,A319,Airbus,A319,2009,RME,TURBOFAN,2,128,NARROW_BODY,1,2026-02-14 04:43:30
D-ILAY,B738,Boeing,737-800,1996,FN,TURBOFAN,2,172,NARROW_BODY,1,2026-02-01 21:05:15
N241,B739,Boeing,737-900ER,1998,DU,TURBOFAN,2,211,NARROW_BODY,1,2026-02-13 02:29:45
D-QMOL,C208,Cessna,208 Caravan,1978,FN,TURBOPROP,1,12,GA,1,2026-01-24 23:22:27
TL-ION,E170,Embraer,E170,2023,XB,TURBOFAN,2,74,REGIONAL,1,2026-02-05 22:43:56
G-ICCU,B763,Boeing,767-300ER,2003,RYD,TURBOFAN,2,275,WIDE_BODY,1,2026-01-20 09:27:13
XA-VUM,B788,Boeing,787-8,,RME,TURBOFAN,2,280,WIDE_BODY,1,2026-02-03 16:08:07
IR-LKO,B738,Boeing,737-800,2017,XB,TURBOFAN,2,188,NARROW_BODY,1,2026-01-28 02:02:11
AK-JSM,C172,Cessna,172 Skyhawk,1981,VYS,PISTON,1,3,GA,0,2026-01-21 00:48:01
N1622JM,B739,Boeing,737-900ER,1990,NF,TURBOFAN,2,202,NARROW_BODY,1,2026-01-26 00:04:27
XQ-OOI,B739,Boeing,737-900ER,2004,RVT,TURBOFAN,2,206,NARROW_BODY,1,2026-02-05 10:10:12
N7773,B739,Boeing,737-900ER,2009,DU,TURBOFAN,2,195,NARROW_BODY,1,2026-02-05 16:38:34
N8256SE,A321,Airbus,A321-200,2009,NF,TURBOFAN,2,191,NARROW_BODY,1,2026-02-11 05:38:32
N59019LB,B738,Boeing,737-800,1998,NF,TURBOFAN,2,175,NARROW_BODY,1,2026-02-02 20:01:07
N8170,CRJ9,Bombardier,CRJ900,1989,ER,TURBOFAN,2,85,REGIONAL,1,2026-02-14 08:27:31
N1728W,E175,Embraer,E175,2021,DU,TURBOFAN,2,87,REGIONAL,1,2026-02-08 05:23:39
D-ZCOF,A320,Airbus,A320-200,1996,FN,TURBOFAN,2,163,NARROW_BODY,1,2026-02-01 13:50:45
XA-FXE,PA28,Piper,PA-28 Cherokee,2024,RME,PISTON,1,2,GA,1,2026-02-05 09:24:57
GL-PNS,B772,Boeing,777-200,2015,WO,TURBOFAN,2,301,WIDE_BODY,1,2026-02-02 05:31:55
D-DUCR,B772,Boeing,777-200,2004,FN,TURBOFAN,2,329,WIDE_BODY,1,2026-02-15 15:23:23
JA9186,B772,Boeing,777-200,2004,RI,TURBOFAN,2,311,WIDE_BODY,1,2026-02-01 02:45:24
VH-QGD,A320,Airbus,A320-200,1991,GMY ,TURBOFAN,2,176,NARROW_BODY,0,2026-02-07 00:01:14
TD-XUJ,PA28,Piper,PA-28 Cherokee,2006,NJ,PISTON,1,2,GA,1,2026-01-18 20:48:25
F-JBYE,A320,Airbus,A320-200,2009,WW,TURBOFAN,2,175,NARROW_BODY,1,2026-01-24 18:59:22
XA-OLY,C208,Cessna,208 Caravan,2025,RME,TURBOPROP,1,9,GA,1,2026-02-09 13:09:59
WK-VRO,A319,Airbus,A319,2014,NJ,TURBOFAN,2,154,NARROW_BODY,1,2026-01-24 10:11:10
YB-JON,B738,Boeing,737-800,2015,VYS,TURBOFAN,2,185,NARROW_BODY,1,2026-02-10 06:18:02
N73357SD,E195,Embraer,E195,2003,DU,TURBOFAN,2,120,REGIONAL,1,2026-01-20 15:03:48
XA-NZB,B788,Boeing,787-8,2020,RME,TURBOFAN,2,266,WIDE_BODY,1,2026-01-18 15:32:34
MS-UYP,CRJ7,Bombardier,CRJ700,2009,VYS,TURBOFAN,2,75,REGIONAL,1,2026-01-31 05:34:08
C-DMKG,B738,Boeing,737-800,2007,IM,TURBOFAN,2,165,NARROW_BODY,1,2026-01-30 22:51:42
GW-JYX,B738,Boeing,737-800,2013,HB,TURBOFAN,2,182,NARROW_BODY,1,2026-02-07 23:21:02
N45904,B739,Boeing,737-900ER,1990,UX,TURBOFAN,2,204,NARROW_BODY,1,2026-02-13 23:58:23
XK-QFY,B738,Boeing,737-800,2018,WAI,TURBOFAN,2,173,NARROW_BODY,1,2026-02-08 11:36:07
N483,B739,Boeing,737-900ER,1994,NF,TURBOFAN,2,188,NARROW_BODY,1,2026-02-09 19:25:49
N053SK,B763,Boeing,767-300ER,2002,DU,TURBOFAN,2,229,WIDE_BODY,1,2026-02-09 02:18:44
PH-IGN,A320,Airbus,A320-200,2021,ZN,TURBOFAN,2,161,NARROW_BODY,1,2026-02-07 12:33:39
N718,C172,Cessna,172 Skyhawk,1972,NF,PISTON,1,2,GA,1,2026-02-03 02:10:38
KM-KXC,A320,Airbus,A320-200,2021,NJ,TURBOFAN,2,160,NARROW_BODY,1,2026-01-22 09:12:15
UE-YXM,B739,Boeing,737-900ER,2020,NDR,TURBOFAN,2,195,NARROW_BODY,1,2026-01-23 04:22:23
IT-PSF,B763,Boeing,767-300ER,2010,NJ,TURBOFAN,2,,WIDE_BODY,1,2026-01-27 07:00:42
XA-EGF,B738,Boeing,737-800,2017,RME,TURBOFAN,2,183,NARROW_BODY,1,2026-01-23 15:40:32
LV-KPZ,A320,Airbus,A320-200,2011,VYS,TURBOFAN,2,,NARROW_BODY,1,2026-02-09 15:41:02
KT-TSB,B789,Boeing,787-9,1998,NJ,TURBOFAN,2,270,WIDE_BODY,1,2026-01-29 05:43:08
XX-OAJ,CRJ9,Bombardier,CRJ900,2019,YW,TURBOFAN,2,89,REGIONAL,1,2026-02-09 03:59:42
G-ELLG,A319,Airbus,A319,2008,RYD,TURBOFAN,2,137,NARROW_BODY,1,2026-01-24 02:43:07
XC-ICQ,C172,Cessna,172 Skyhawk,2025,NJ,PISTON,1,3,GA,1,2026-01-26 09:09:29
EN-EXS,C172,Cessna,172 Skyhawk,1980,QO,PISTON,1,4,GA,1,2026-02-08 09:26:54
D-TSKX,A321,Airbus,A321-200,2001,FN,TURBOFAN,2,211,NARROW_BODY,1,2026-01-30 11:46:22
VG-BDP,B738,Boeing,737-800,2014,FO,TURBOFAN,2,174,NARROW_BODY,1,2026-02-12 02:11:17
C-JMTA,A321,Airbus,A321-200,2024,IH,TURBOFAN,2,179,NARROW_BODY,1,2026-01-30 04:02:28
N81435XE,A320,Airbus,A320-200,2009,IKQ,TURBOFAN,2,157,NARROW_BODY,1,2026-02-17 00:36:12
qd-qkz,A359,Airbus,A350-900,2009,NJ,TURBOFAN,2,330,WIDE_BODY,1,2026-01-21 03:50:29
N65405UW,A333,Airbus,A330-300,1991,NF,TURBOFAN,2,278,WIDE_BODY,1,2026-01-31 19:04:49
PA-HAP,B739,Boeing,737-900ER,2021,UH,TURBOFAN,2,205,NARROW_BODY,1,2026-02-01 14:31:56
D-BKOX,A332,Airbus,A330-200,1992,FN,TURBOFAN,2,257,WIDE_BODY,1,2026-01-23 05:11:08
N338GP,E195,Embraer,E195,2011,IKQ,TURBOFAN,2,103,REGIONAL,1,2026-01-28 06:27:31
D-BFRS,C208,Cessna,208 Caravan,2009,FN,TURBOPROP,1,13,GA,1,2026-02-07 14:15:30
N896L,PA28,Piper,PA-28 Cherokee,2007,DU,PISTON,1,4,GA,1,2026-02-11 17:16:47
FJ-RBH,A320,Airbus,A320-200,2004,WAI,TURBOFAN,2,148,NARROW_BODY,1,2026-02-15 08:43:06
XE-YJU,BE20,Beechcraft,King Air 200,1975,NJ,TURBOPROP,2,10,GA,1,2026-02-02 03:37:42
N266U,A320,Airbus,A320-200,2004,OP,TURBOFAN,2,170,NARROW_BODY,1,2026-02-02 17:26:15
G-CVGF,B738,Boeing,737-800,1998,ANL,TURBOFAN,2,162,NARROW_BODY,0,2026-02-03 12:12:01
AG-DEC,B739,Boeing,737-900ER,2024,RVT,TURBOFAN,2,210,NARROW_BODY,1,2026-02-10 12:18:09
N657O,B738,Boeing,737-800,1994,NF,TURBOFAN,2,181,NARROW_BODY,1,2026-01-31 15:41:12
PL-BXN,B738,Boeing,737-800,2018,NJ,TURBOFAN,2,169,NARROW_BODY,1,2026-02-04 22:09:17
EI-DLN,B738,Boeing,737-800,2024,UG,TURBOFAN,2,169,NARROW_BODY,1,2026-01-26 01:44:19
N23452,A333,Airbus,A330-300,2006,MBN,TURBOFAN,2,315,WIDE_BODY,1,2026-02-07 16:53:57
XA-MNE,A319,Airbus,A319,2014,RME,TURBOFAN,2,146,NARROW_BODY,1,2026-01-25 03:58:50
G-IDRK,C172,Cessna,172 Skyhawk,2005,JBG,PISTON,1,4,GA,1,2026-01-23 14:46:09
F-HJCM,B738,Boeing,737-800,2015,CFR,TURBOFAN,2,178,NARROW_BODY,1,2026-01-19 21:03:59
GJ-UGX,B788,Boeing,787-8,1990,RVT,TURBOFAN,2,277,WIDE_BODY,1,2026-02-12 00:26:40
D-VRIC,A320,Airbus,A320-200,1994,FN,TURBOFAN,2,166,NARROW_BODY,1,2026-02-03 12:10:37
TX-RSP,C208,Cessna,208 Caravan,2018,UH,TURBOPROP,1,12,GA,1,2026-01-20 17:50:47
XA-DLP,CRJ9,Bombardier,CRJ900,2022,RME,TURBOFAN,2,86,REGIONAL,1,2026-02-13 20:56:07
CA-IPH,B739,Boeing,737-900ER,2018,NJ,TURBOFAN,2,186,NARROW_BODY,1,2026-02-07 10:59:26
EI-EFA,B739,Boeing,737-900ER,2005,DI,TURBOFAN,2,207,NARROW_BODY,1,2026-02-11 22:13:03
YI-AVT,B77W,Boeing,777-300ER,2020,QO,TURBOFAN,2,390,WIDE_BODY,1,2026-02-12 08:21:59
D-PFUC,B77W,Boeing,777-300ER,2013,FN,TURBOFAN,2,382,WIDE_BODY,1,2026-02-16 11:02:51
F-RATD,B738,Boeing,737-800,2009,CFR,TURBOFAN,2,162,NARROW_BODY,1,2026-01-22 14:33:30
GL-ORI,B77W,Boeing,777-300ER,1997,HRF,TURBOFAN,2,395,WIDE_BODY,1,2026-02-14 12:03:38
SU-MJK,A320,Airbus,A320-200,2014,HRF,TURBOFAN,2,153,NARROW_BODY,1,2026-01-23 17:20:00
XA-AII,C208,Cessna,208 Caravan,2019,RME,TURBOPROP,1,9,GA,1,2026-02-03 07:02:24
N5371H,B77W,Boeing,777-300ER,2006,KP,TURBOFAN,2,352,WIDE_BODY,1,2026-01-23 19:11:46
ZQ-KIG,A320,Airbus,A320-200,1986,RVT,TURBOFAN,2,164,NARROW_BODY,1,2026-01-28 10:52:08
G-XIWQ,B739,Boeing,737-900ER,2004,HE,TURBOFAN,2,182,NARROW_BODY,0,2026-02-11 10:08:38
N421WG,BE20,Beechcraft,King Air 200,2001,OP,TURBOPROP,2,12,GA,1,2026-02-06 07:15:16
XA-MGT,A359,Airbus,A350-900,2017,RME,TURBOFAN,2,280,WIDE_BODY,1,2026-02-09 01:24:43
IY-CSV,A333,Airbus,A330-300,2016,YW,TURBOFAN,2,317,WIDE_BODY,1,2026-01-24 15:07:01
N97788TA,A319,Airbus,A319,2003,NF,TURBOFAN,2,156,NARROW_BODY,1,2026-02-14 07:23:23
TF-HMA,A319,Airbus,A319,2003,LH,TURBOFAN,2,124,NARROW_BODY,1,2026-02-11 23:48:07
OK-JUZ,A319,Airbus,A319,2014,WO,TURBOFAN,2,134,NARROW_BODY,1,2026-02-06 04:04:38
N0066HO,E170,Embraer,E170,1990,OP,TURBOFAN,2,78,REGIONAL,1,2026-02-13 19:24:55
TO-MPT,B738,Boeing,737-800,2011,MO,TURBOFAN,2,172,NARROW_BODY,0,2026-01-20 13:58:36
N228RE,B77W,Boeing,777-300ER,1989,DU,TURBOFAN,2,353,WIDE_BODY,1,2026-01-22 22:28:42
SE-YDA,C172,Cessna,172 Skyhawk,2016,NJ,PISTON,1,3,GA,1,2026-01-28 08:39:36
XA-IMI,B738,Boeing,737-800,1992,RME,TURBOFAN,2,167,NARROW_BODY,1,2026-01-21 03:05:03
N610,C172,Cessna,172 Skyhawk,2000,DU,PISTON,1,4,GA,1,2026-02-13 19:04:51
G-XUTU,B739,Boeing,737-900ER,2014,HE ,TURBOFAN,2,190,NARROW_BODY,1,2026-02-14 03:25:55
VH-VTH,E175,Embraer,E175,2015,GMY ,TURBOFAN,2,78,REGIONAL,1,2026-02-12 22:57:25
N996,B738,Boeing,737-800,2017,DU,TURBOFAN,2,183,NARROW_BODY,1,2026-01-25 10:20:26
IF-DKQ,A319,Airbus,A319,2017,WAI,TURBOFAN,2,125,NARROW_BODY,0,2026-02-10 23:04:46
PH-DCR,A319,Airbus,A319,2008,ZN,TURBOFAN,2,129,NARROW_BODY,1,2026-01-27 14:17:43
N2579RD,B738,Boeing,737-800,2000,NF,TURBOFAN,2,189,NARROW_BODY,1,2026-01-22 22:51:10
N910Q,A319,Airbus,A319,2014,LP,TURBOFAN,2,151,NARROW_BODY,1,2026-02-15 00:27:45
D-FPSD,B772,Boeing,777-200,1989,FN,TURBOFAN,2,317,WIDE_BODY,1,2026-02-04 08:03:57
F-ILDW,B738,Boeing,737-800,1987,DN,TURBOFAN,2,166,NARROW_BODY,1,2026-02-10 06:14:47
AO-JUT,C208,Cessna,208 Caravan,2009,NDR,TURBOPROP,1,9,GA,1,2026-02-17 07:12:49
N098O,A320,Airbus,A320-200,2015,SI,TURBOFAN,2,155,NARROW_BODY,1,2026-01-24 11:01:30
N7635IO,B739,Boeing,737-900ER,2014,NF,TURBOFAN,2,215,NARROW_BODY,1,2026-02-04 22:31:11
G-HFLX,B739,Boeing,737-900ER,2016,WZ,TURBOFAN,2,208,NARROW_BODY,1,2026-02-12 19:08:15
C-IDOU,B738,Boeing,737-800,1985,IH,TURBOFAN,2,166,NARROW_BODY,1,2026-02-16 21:06:04
JO-PHX,A319,Airbus,A319,2006,NJ,TURBOFAN,2,151,NARROW_BODY,1,2026-02-14 20:35:54
UX-RDD,A320,Airbus,A320-200,2007,MO,TURBOFAN,2,178,NARROW_BODY,1,2026-02-03 10:26:02
BG-IDF,B738,Boeing,737-800,2023,NJ,TURBOFAN,2,,NARROW_BODY,1,2026-02-09 16:58:55
